aardvark	Borrowed from Afrikaans aardvark (now rare), erdvark, from aarde (“earth”, from Middle Dutch aerde) + vark (“pig”, from Middle Dutch varken). Early European colonists in South Africa noticed that the animal was similar to a pig, while aarde hints at the animal's habit of burrowing.	noun. The nocturnal, insectivorous, burrowing mammal Orycteropus afer, of the order Tubulidentata and somewhat resembling a pig. Common in some parts of sub-Saharan Africa.
abnormal	From ab- + normal. First attested in 1835, replacing the earlier anormal and even earlier abnormous, from Latin abnormis (“departing from normal”), from either ab- (“away from”) + norma (“rule, norm”), or Ancient Greek ἀνώμαλος (anṓmalos).	adjective. Not conforming to rule or system; deviating from the usual or normal type.
absolute	First attested around 1380. From Middle English absolut, from Middle French absolut, from Latin absolūtus (“unconditional; unfettered; completed”), perfect passive participle of absolvō (“loosen, set free, complete”), from ab (“away”) + solvo (“to loose”). Influenced in part by Old French absolu. Compare absolve.	adjective. Free of restrictions, limitations, qualifications or conditions; unconditional. Unrestricted by laws, a constitution, or parliamentary or judicial or other checks; (legally) unlimited in power, especially if despotic. Characteristic of an absolutist ruler: domineering, peremptory.
absorbed	From absorb + -ed.	adjective. Fully occupied with one's thoughts; engrossed.
abstract	From Middle English abstract, borrowed from Latin abstractus, perfect passive participle of abstrahō (“draw away”), formed from abs- (“away”) + trahō (“to pull, draw”). The verbal sense is first attested in 1542.	noun. An abridgement or summary of a longer publication.
academic	From both the Medieval Latin acadēmicus and the French académique, from Latin academia, from Ancient Greek ἀκαδημικός (akadēmikós), from Ἀκαδημία (Akadēmía) or Ἀκαδήμεια (Akadḗmeia), the name of the place where Plato taught; compare academy. By surface analysis, academy + -ic.	adjective. Belonging to the school or philosophy of Plato.
accepted	From accept + -ed.	verb. simple past and past participle of accept
accident	First attested in the late 14th century. From Middle English accident, from Old French accident, from Latin accidēns, present active participle of accidō (“happen”); from ad (“to”) + cadō (“fall”). See cadence, case. In the sense “unintended pregnancy”, first attested in 1932.	noun. An unexpected event with negative consequences occurring without the intention of the one suffering the consequences, and (in the strict sense) not directly caused by humans.
accurate	Borrowed from Latin accūrātus, perfect passive participle of accūrō (“to take care of”), from ad- (“to, towards, at”) + cūrō (“care for”). First attested in 1610. Compare English cure.	adjective. Telling the truth or giving a true result; exact; not defective or faulty.
accustom	The verb is from Middle English accustomen, from Old French acoustumer, acustumer (Modern French accoutumer) corresponding to a (“to, toward”) + custom. More at custom, costume. The noun is from Middle English acustom.	verb. To make familiar by use; to cause to accept; to habituate, familiarize, or inure.
acoustic	Borrowed from Medieval Latin acousticus, acūsticus, from Ancient Greek ἀκουστῐκός (akoustĭkós, “of or for hearing”), from ἀκούω (akoúō, “to hear”) + -ῐκός (-ĭkós, adjectival suffix).	adjective. Pertaining to the sense of hearing, the organs of hearing, or the science of sounds.
activate	From active + -ate.	verb. To encourage development or induce increased activity; to stimulate.
actively	From late Middle English actyvely; equivalent to active + -ly.	adverb. In an active manner.
activity	From Middle French activité, from Latin activitas. Equivalent to active + -ity.	noun. The state or quality of being active; activeness.
actually	From Middle English actually, actuelly, equivalent to actual + -ly.	adverb. In act or in fact; really; in truth; positively.
addition	Sense of “what is added” dates from 14th century, from Middle English addicioun, addition, from Old French adition, from Latin additiōnem, accusative singular of additiō, from addō (“add, put”).	noun. The act of adding anything.
adequate	Learned borrowing from Latin adaequātus, perfect passive participle of adaequō (“to make equal to”) (see -ate (adjective-forming suffix) and -ate (verb-forming suffix)), further from ad (“to, towards, at”) + aequō (“to make equal, equalize”), from aequus (“equal”). Cognate with French adéquat. By surface analysis, ad- + equate.	adjective. Equal to or fulfilling some requirement.
adhering	From Middle English *adherynge, adherande, present participle of Middle English *adheren, from Old French *adherer, aderer and Medieval Latin adhaereō (“adhere”, verb), equivalent to adhere + -ing.	verb. present participle and gerund of adhere
adjacent	Borrowed from Latin adiacēns, adiacentis, derivative of adiaceō (“to lie beside”); from ad (“to”) + iaceō (“to lie down”).	adjective. Lying next to, close, or contiguous; neighboring; bordering on.
adoption	Borrowed from French adoption, from Latin adoptio, allied to adoptare (“to adopt”). Equivalent to adopt + -ion.	noun. The act of adopting.
advanced	From advance + -ed.	verb. simple past and past participle of advance
advisory	From advise + -ory.	adjective. Able to give advice.
advocate	From Middle English advocat, advoket, from Old French advocat, from Latin advocātus (“an advocate”), from the substantivization of the perfect passive participle of advocāre (“to call for”) (see -ate (noun-forming suffix)), from a calque of Ancient Greek παράκλητος (paráklētos) (whence English paraclete). Doublet of advoke, avocat, avouch, and avow. The verb derives from the noun on the basis of -ate (verb-forming suffix).	noun. Someone whose job is to speak for someone's case in a court of law; a counsel.
agreeing	From agree + -ing.	verb. present participle and gerund of agree
aircraft	From air + -craft.	noun. A vehicle capable of atmospheric flight due to interaction with the air, such as buoyancy or lift.
allergic	From allergy + -ic.	adjective. Of or pertaining to allergy.
alliance	From Middle English alliaunce, from Old French aliance (French alliance). Equivalent to ally + -ance. Compare with Doric Greek ἁλία (halía, “assembly”). See also al-.	noun. The state of being allied.
allocate	From Latin allocātus, perfect passive participle of Latin allocō (see -ate (verb-forming suffix)), from ad- (“to”) + locō. Doublet of allow. By surface analysis, al- + locate.	verb. To set aside for a purpose.
alphabet	Doublet of alfabeto. Dipslaced native Old English stæfrǣw (literally " staff - row ").	noun. The set of letters used when writing in a language.
although	From Middle English althagh, from Old English compound of eall (“all (emphatic)”) + þēah (“though”). By surface analysis, al(l) + though.	conjunction. Though, even though, in spite of or despite the fact that: introducing a clause that expresses a concession.
analogue	Equivalent to ana- (“functionally similar”) + -logue. See analog.	adjective. Alternative spelling of analog.
analyses	See analysis.	noun. plural of analysis
analysis	From Medieval Latin analysis, from Ancient Greek ἀνάλυσις (análusis), from ἀναλύω (analúō, “to unravel, investigate”), from ἀνα- (ana-, “thoroughly”) + λύω (lúō, “to loosen”).	noun. Decomposition into components in order to study (a complex thing, concept, theory, etc.).
ancestor	From Middle English ancestre, auncestre, ancessour; the first forms from Old French ancestre (modern French ancêtre), from the Latin nominative antecessor (“one who goes before”); the last form from Old French ancessor, from Latin antecessōrem, accusative of antecessor, from antecēdō (“to go before”) + -tor (“-er”), from ante- (“before”) + cēdō (“to go”). See cede, and compare with antecessor.	noun. One from whom a person is descended, whether on the father's or mother's side, at any distance of time; a progenitor; a forefather; a forebear.
anecdote	Late 17 c., from French anecdote, from Ancient Greek ἀνέκδοτος (anékdotos, “accounts unpublished”), from ἀν- (an-, “not, un-”) + ἔκδοτος (ékdotos, “published”), from ἐκδίδωμι (ekdídōmi, “I publish”), from ἐκ- (ek-, “out”) + δίδωμι (dídōmi, “I give”). Virtually identical cognates in other European languages – French anecdote, German Anekdote, Spanish anécdota, among others.	noun. A short account of a real incident or person, often humorous or interesting.
announce	From Old French anoncier, from Latin annūntiāre, from ad + nūntiō (“report, relate”), from nūntius (“messenger, bearer of news”). See nuncio. Doublet of annunciate. See also an-.	verb. To give public notice of, especially for the first time; to make known.
annoying	From annoy + -ing.	adjective. Causing irritation or annoyance; troublesome; vexatious.
annually	From annual + -ly.	adverb. Once every year without fail, yearly
antidote	From Latin antidotum, from Ancient Greek ἀντίδοτον (antídoton, “antidote, remedy”), Clipping of ἀντίδοτον φάρμακον (antídoton phármakon, “drug given against”), from ἀντιδίδωμι (antidídōmi, “to give in return, repay”), from ἀντί (antí, “against”) + δίδωμι (dídōmi, “to give”). Compare French antidote.	noun. A remedy to counteract the effects of poison.
anyplace	From any + place.	adverb. At a non-specific place; anywhere.
anything	From Middle English anything, enything, onything, from Late Old English aniþing, from earlier ǣniġ þing (literally “any thing”), equivalent to any + thing.	pronoun. Any object, act, state, event, or fact whatsoever; a thing of any kind; something or other.
anywhere	From any + where.	adverb. In or at any location.
appalled	From appall + -ed.	adjective. Shocked, horrified by something unpleasant.
apparent	From Middle English apparaunt, aparaunt, from Old French aparent, aparant, in turn from Latin appārēns, appārentis, present participle of appāreō.	adjective. Capable of being seen, or easily seen; open to view; visible to the eye; within sight or view.
appendix	Borrowed from Latin appendix.	noun. Something attached to something else; an attachment or accompaniment.
applause	From Latin applausus, from applaudō (“to strike against, to applaud”) (whence applaud).	noun. The act of applauding; approbation and praise publicly expressed by the clapping of hands, stamping or tapping of the feet, acclamation, huzzas, or other means; marked commendation.
approach	From Middle English aprochen, borrowed from Old French aprochier (modern French approcher), from Late Latin appropiāre, a verb based on Latin prope (“near”), ultimately from Proto-Indo-European *pro- (a variant of *per- (“before, in front; first”)) + *-kʷe (“suffix forming distributives from interrogatives”)).	verb. To come or go near, in place or time; to move toward; to advance nearer; to draw nigh.
approval	From approve + -al.	noun. An expression granting permission; an indication of agreement with a proposal; an acknowledgement that a person, thing, or event meets requirements.
arguable	From argue + -able.	adjective. That can be argued; that can be proven or strongly supported with sound logical deduction, precedent, and evidence.
arguably	From arguable + -ly.	adverb. As can be supported or proven by sound logical deduction, evidence, and precedent, but without absolute certainty.
argument	From Middle English argument, from Anglo-Norman and Old French arguement, from Latin argumentum. The English word is analysable as argue + -ment. Doublet of argumentum. Displaced native Old English racu and ġeflit.	noun. A fact or statement used to support a proposition; a reason.
arrogant	From Middle English arrogaunt, from Old French arrogant, from Latin arrogāns, present active participle of arrogō.	adjective. Having excessive pride in oneself, often with contempt or disrespect for others.
artistic	Borrowed from French artistique, from artiste + -ique. By surface analysis, artist + -ic.	adjective. Having or revealing creative skill.
assemble	From Middle English assemblen, from Old French assembler (“to assemble”), from Medieval Latin assimulāre (“to bring together”), from ad- + simulō (“copy, imitate”), from similis (“like, similar”), ultimately from Proto-Indo-European *sem- (“together, one”). Doublet of assimilate.	verb. To put together.
assembly	From Middle English assemblee, from Anglo-Norman asemblee (Old French asemblee, French assemblée). By surface analysis, assemble + -y.	noun. A set of pieces that work together in unison as a mechanism or device.
asterisk	The noun is derived from Middle English asterisk [and other forms], from Late Latin asteriscus (“asterisk; small star”), from Ancient Greek ἀστερῐ́σκος (asterĭ́skos, “asterisk; small star”), from ᾰ̓στήρ (ăstḗr, “celestial body (star, planet, and other lights in the sky such as meteors)”) (ultimately from Proto-Indo-European *h₂eHs- (“to burn; to glow”)) + -ῐ́σκος (-ĭ́skos, diminutive suffix). Doublet of asteriscus and piecewise doublet of starrish. Noun sense 1.1.2 (“something which is of little importance or which is marginal”) refers to the use of an asterisk to denote a footnote or marginal note in a text; in other words, information that is not important enough to be incorporated into the main text. Noun sense 1.1.3 (“blemish in an otherwise outstanding achievement”) refers to the use of an asterisk in a sporting record to indicate that the record is qualified in some manner (for example, that the sportsperson was found to have taken performance-enhancing drugs at the time). The verb is derived from the noun.	noun. A small star; also, something resembling or shaped like a star. The star-shaped symbol *, which is used in printing and writing for various purposes, including to refer a reader to a note at the bottom of a page or in a margin, and to indicate the omission of letters or words; a star. Something resembling or shaped like an asterisk symbol. Something which is of little importance or which is marginal; a footnote. A blemish in an otherwise outstanding achievement.
attitude	From French attitude, from Italian attitudine (“attitude, aptness”), from Medieval Latin aptitūdō (“aptitude”) and actitūdō (“acting, posture”), from Latin aptō and actitō. Doublet of aptitude.	noun. The position of the body or way of carrying oneself.
attorney	From Middle English attourne, from Old French atorné, past participle of atorner, atourner, aturner (“to attorn”), in the sense of "one appointed or constituted".	noun. A lawyer; one who advises or represents others in legal matters as a profession.
audience	From Middle English audience, from Middle French audience, from Old French audience, from Latin audientia, from present participle audiēns (“hearing”), from verb audiō (“to hear”). Doublet of audiencia.	noun. A group of people within hearing; specifically, a large gathering of people listening to or watching a performance, speech, etc.
automate	Back-formation from automation.	verb. To replace or enhance human labor with machines.
backbone	From Middle English bakbon, bakebon, bac-bon; equivalent to back + bone. Compare the semantically analogous English ridgebone.	noun. The series of vertebrae, separated by disks, that encloses and protects the spinal cord, and runs down the middle of the back in vertebrate animals.
backward	From Middle English bakwarde, abakward, equivalent to back (adverb) + -ward. Cognate with Old Frisian bekward (“backward”).	adjective. Indicating position or direction. Situated toward or at the rear of something.
bacteria	Borrowed from New Latin bacteria, plural of bactērium, from Ancient Greek βακτήριον (baktḗrion, “little rod”); by surface analysis, bacteri(um) + -a.	noun. plural of bacterium
bankrupt	Partial calque of Italian bancarotta (literally “a broken bench”), from banca (“bank”, literally “bench”) + rotta (“broken, rupted”), which refers to an out-of-business bank, having its bench physically broken, signifying that the working moneylender was insolvent.	adjective. In a condition of bankruptcy; unable to pay outstanding debts or meet financial obligations; specifically, having been legally declared insolvent.
basement	From base + -ment.	noun. A floor of a building below ground level. Ellipsis of semi-basement, a floor mostly below grade
bathroom	From bath + room. Compare Dutch badkamer (“bathroom”), German Badezimmer (“bathroom”), Swedish badrum (“bathroom”), Faroese baðrúm (“bathroom”).	noun. A room containing a shower or bathtub, and a toilet.
beginner	From Middle English begynner, equivalent to begin + -er. Cognate with West Frisian begjinner (“beginner”), Dutch beginner (“beginner”), Low German begünner (“beginner”), Danish nybegynder (“beginner, novice”, literally “new-beginner”).	noun. Someone who is just starting at something, or has only recently started.
behavior	From Middle English behavoure, behaver, from behaven (modern behave), morphologically equivalent to behave + -ior. The suffix was adopted in imitation of havour (modern haviour, havior), an etymologically unrelated word that was corrupted from Anglo‐Norman Anglo-Norman aveir and Old French Old French avoir (“property, wealth”) through false association with the native English verb have. The French term derives ultimately from Latin Latin habēre (“to have, hold”). Compare Scots havings (“behavior”), from have (“to behave”). Replaced Old English ġebǣru.	noun. Human conduct relative to social norms.
believer	From Middle English bilevar, bileever, belever, equivalent to believe + -er.	noun. A person who believes; especially regarding religion.
biblical	From Medieval Latin biblicus + English -al, equivalent to bible + -ical.	adjective. Of or relating to the Bible.
billfold	From bill + fold.	noun. A small, folding sleeve or case designed to hold paper currency, as well as credit cards, pictures, etc.
birthday	From Middle English birthdai, birtheday, from Old English ġebyrddæġ (“birthday”), influenced by Old Norse burðr, equivalent to birth + day. Compare Saterland Frisian Gebuursdai (“birthday”), Dutch geboortedag (“birthday”), Low German Geboortsdag (“birthday”), German Geburtstag (“birthday”), Norwegian bursdag, gebursdag (“birthday”). Eclipsed non-native Middle English nativitee (“birth, nativity, birthday”), from Old French nativité, nativited, from Latin nātīvitas.	noun. The anniversary of the day on which someone is born.
blasting	From Middle English blastynge, equivalent to blast + -ing (present participle ending).	verb. present participle and gerund of blast
blessing	From Middle English blessinge, blessynge, from Old English blētsung, blēdsung (“a blessing”), equivalent to bless + -ing.	noun. Some kind of divine or supernatural aid, or reward.
bookshop	From book + shop.	noun. A shop that sells books.
boundary	From bound + -ary.	noun. The dividing line or location between two areas.
breathed	From breathe + -ed.	verb. simple past and past participle of breathe
breeding	From Middle English breedyng, bredynge (“gestation, incubation, propagation, hatching; engineering, formation, development, growth”), equivalent to breed + -ing.	noun. Propagation of offspring through sexual reproduction.
brethren	From Early Modern English brethren, plural of brother, from Middle English brethren, from Middle English brethere, brether + -en (plural ending). Ultimately from Old English brōþor, brōþru (“brothers, brethren”), influenced by Old English brēþer, dative singular of brōþor (“brother”). Equivalent to brother + -en (plural ending). Compare German Brüder (“brothers, brethren”). More at brother. The vowel change (from o to e) is called umlaut.	noun. plural of brother
brightly	From Middle English brightliche, from Old English beorhtlice, equivalent to bright + -ly.	adverb. In a bright manner.
building	From Middle English byldynge, buyldyng, byldyng, buldynge, buldyng, boldyng, equivalent to build + -ing. Compare also related Middle English bold (“edifice, castle, mansion”), from Old English bold (“building, dwelling, house”).	noun. The act or process by which something is built; construction.
bulletin	Borrowed from French bulletin. By surface analysis, bull (“ball”) + -et (“diminutive”) + -in (“diminutive”).	noun. A short report, especially one released through official channels to be immediately broadcast or publicized.
business	From Middle English busines, busynes, businesse, bisynes, from Old English bisiġnes (“business, busyness”), equivalent to busy + -ness. Doublet of busyness. Sense 17 (something very good, top quality), possibly derives from " the bee's knees "	noun. A specific commercial enterprise or establishment.
caffeine	Borrowed from French caféine, from café (“coffee”), or German Caffein, Kaffein (cp. Coffein, Koffein), from Kaffee (“coffee”) (cp. Kaffe, Koffee, Koffe), or Italian caffè (“coffee”) + -ine.	noun. An alkaloid, C 8 H 10 N 4 O 2, found naturally in tea and coffee plants, which acts as a mild stimulant on the central nervous system.
calendar	From Middle English kalender, from Old French calendier, from Latin calendarium (“account book”), from kalendae (“the first day of the month”), from kalō (“to announce solemnly, to call out (the sighting of the new moon)”), from Proto-Indo-European *kelh₁-. Doublet of calendarium. Displaced native Old English rīmbōc and ġerīmbōc.	noun. Any system by which time is divided into days, weeks, months, and years.
campaign	From French campagne, from Italian campagna (“field, military operation”), from Late Latin campānia (“open country, battlefield”), from Latin campus (“field”). Doublet of campania, campagna, and champagne.	noun. A series of operations undertaken to achieve a set goal.
capacity	From Middle English capacite, from Old French capacite, from Latin capācitās (whence -acity), from capāx (“able to hold much”), from capiō (“to hold, to contain, to take, to understand”).	noun. The ability to hold, receive, or absorb.
careless	From Middle English careles, from Old English carlēas (“careless, reckless, void of care, free from care, free”), equivalent to care + -less. Cognate with Icelandic kærulaus (“careless, negligent”).	adjective. Not concerned or worried (about).
carriage	From Middle English cariage, from Old Northern French cariage, from carier (“to carry”).	noun. The act of conveying; carrying.
cassette	Borrowed from French cassette.	noun. A small flat case containing magnetic tape on two reels, used to record and play back audio and video material.
category	Late Middle English, borrowed from French catégorie, from Middle French categorie, from Late Latin catēgoria (“class of predicables”), from Ancient Greek κατηγορία (katēgoría, “head of predicables”). Doublet of categoria.	noun. A group, often named or numbered, to which items are assigned based on similarity or defined criteria.
catholic	From Old French catholique, from Latin catholicus, from Ancient Greek καθολικός (katholikós, “universal”), from κατά (katá, “according to”) + ὅλος (hólos, “whole”).	adjective. Universal; all-encompassing.
cellular	From New Latin cellulāris, from cellula (“cell”) + -āris.	adjective. Of, relating to, consisting of, or resembling a cell or cells.
ceremony	From Middle English cerymonye, from Latin caerimonia or caeremonia, later often cerimonia (“sacredness, reverence, a sacred rite”).	noun. A ritual, with religious or cultural significance.
chairman	From chair + -man.	noun. A person presiding over a meeting, sometimes especially a man.
champion	From Middle English champioun, from Old French champion, from Medieval Latin campio (“combatant in a duel, champion”), from Frankish *kampijō (“fighter”), from Proto-West Germanic *kampijō (“combat soldier”), a derivative of *kampijan (“to battle, to campaign”), itself a derivative of *kamp (“battlefield, battle”), ultimately a borrowing in West-Germanic from Latin campus (“a field, a plain, a place of action”). Cognate with Old English cæmpa, cempa (“soldier, warrior, champion”), Old High German kempfeo, kempfo (“fighter, warrior, champion”), whence archaic German Kempfe (“fighter”).	noun. An ongoing winner in a game or contest.
charming	From Middle English charmynge; equivalent to charm + -ing.	adjective. Pleasant, charismatic.
cheerful	From Middle English chereful, cherful, equivalent to cheer + -ful.	adjective. Noticeably happy and optimistic.
chemical	From New Latin chēmicus + -al.	adjective. Of or relating to chemistry.
chestnut	The noun is a contraction of chest(en) (“(obsolete) chestnut tree; fruit of this tree, chestnut”) + nut. Chesten is a late variant of chesteine (obsolete), from Middle English chesten, chesteine, chasteine, chesteyne (“chestnut tree (Castanea sativa); fruit of this tree; wood of this tree”), from Old French chastaigne, chastaine (French châtaigne), from Latin castanea (“chestnut tree; fruit of this tree”) (whence Old English ċisten), from Ancient Greek κᾰστᾰ́νειᾰ (kăstắneiă), a variant of κᾰ́στᾰνᾰ (kắstănă, “sweet chestnut”); for further etymology, see that entry. Doublet of castanet. Noun sense 4 (“joke, phrase, etc., which has been repeated so often as to have grown ineffective or tiresome”) may refer to an 1816 play, The Broken Sword, by William Dimond (1781 – c. 1837), in which one character begins to relate a story in which a boy slips down from a cork tree, and another interrupts him to say that he had previously repeated the story many times, and always mentioned a chestnut tree. The adjective is probably from an attributive use of the noun; compare French (of hair) châtain (“chestnut”) (from châtaigne (“a chestnut”)) and marron (“brown”) (from marron (“a horse chestnut or chestnut”)).	noun. An edible nut (technically a fruit) of the Spanish chestnut or sweet chestnut tree (Castanea sativa); also (chiefly preceded by a descriptive word), a nut from a related shrub or tree; or a similar nut from an unrelated plant.
childish	From Middle English childisch, from Old English ċildisċ. By surface analysis, child + -ish.	adjective. Immature in thought or behaviour.
children	From Middle English children, alteration of earlier childre ("children"; > English dialectal childer), from Old English ċildru, ċildra (“children”), nominative and accusative plural of ċild (“child”), equivalent to child + -ren.	noun. plural of child
circular	From Middle English circuler, circuleer, circulere, from Old French circulier (French circulaire), from Late Latin circularis, from Latin circulus, diminutive of circus (“ring”). By surface analysis, circle + -ar.	adjective. Of or relating to a circle.
civilian	From Middle English cyvylien, from Old French civilien. Equivalent to civil + -ian.	noun. A person following the pursuits of civil life, especially one who is not an active member of the armed forces.
civilize	Borrowed from French civiliser, corresponding to civil + -ize.	verb. American and Oxford British standard spelling of civilise.
classify	From French classifier. By surface analysis, class + -ify.	verb. to identify by or divide into classes; to categorize
clearest	From clear + -est.	adjective. superlative form of clear: most clear
clearing	From clear + -ing.	verb. present participle and gerund of clear
climbing	From Middle English clymbyng, clymbynge; equivalent to climb + -ing.	noun. The sport of climbing, ascending a wall or a rock or another object using available holds, generally with the safety of a rope and belayer.
clinical	From clinic + -al.	adjective. Dealing with the practical management of patients, in practice at the point of care; as contrasted with other health care venues (see clinical medicine for more explanation).
clipping	By surface analysis, clip + -ing.	verb. present participle and gerund of clip
clothing	From Middle English clothing, clathing, from Old English *clāþung, from Proto-West Germanic *klaiþungu (“clothing”), equivalent to clothe + -ing. Cognate with Scots clathing, claithing (“clothing”), Saterland Frisian Klodenge (“clothing”), West Frisian klaaiïng (“clothing”), Dutch kleding (“clothing”), German Kleidung (“clothing”), Danish klædning (“clothing, dress, attire”), Swedish kläding, klädning (“clothing, dress”). Doublet of the dialectal English term cleading, from Middle English clething; compare also cladding.	verb. present participle and gerund of clothe
cobblers	Shortened from cobbler’s awls, for balls (testicles or nonsense)	noun. plural of cobbler
coherent	From Middle French coherent, from Latin cohaērēns, from co- + haereō. By surface analysis, cohere + -ent.	adjective. Unified; sticking together; making up a whole.
coincide	From French coïncider, from Medieval Latin coincidere, from con- + incidere, from in- (“into, to”) + cadere (“to fall, fall down, drop”).	verb. To occupy exactly the same space.
collapse	From Latin collāpsus (past participle of collābor).	verb. To break apart and fall down suddenly; to cave in.
commence	From Middle English commencen, comencen (also as contracted comsen, cumsen), from Anglo-Norman comencer, from Vulgar Latin *cominitiāre, formed from Latin com- + initiō (whence English initiate).	verb. To begin, start.
commonly	Inherited from Middle English comunly; equivalent to common + -ly.	adverb. As a rule; frequently; usually.
communal	Borrowed from French communal, from Late Latin commūnālis, from Latin commūnis. Doublet of cominal.	adjective. Pertaining to a community or a commune.
compiler	From Middle English compilour, from Anglo-Norman compilour, from Old French compileur, from Latin compīlātōrem, equivalent to compile + -er.	noun. One who compiles.
complain	From Middle English complaynen, from Old French complaindre, from Medieval Latin complangere (“to bewail, complain”), from Latin com- (“together”) + plangere (“to strike, beat, as the breast in extreme grief, bewail”); see plain, plaint.	verb. To express feelings of pain, dissatisfaction, or resentment.
complete	From Middle English compleet (“full, complete”), borrowed from Old French complet or Latin completus, past participle of compleō (“to fill up, to complete”) (whence also complement, compliment), from com- + pleō (“to fill, to fulfill”) (whence also deplete, replete, plenty), ultimately from Proto-Indo-European *pleh₁- (“to fill”) (English full).	verb. To finish; to make done; to reach the end.
composer	From compose + -er.	noun. One who composes; an author. Especially, one who composes music.
compound	Possibly from Malay kampong, kampung (“group of buildings, village”), via Dutch or Portuguese, altered under the influence of Etymology 2. Doublet of kampung.	noun. An enclosure within which workers, prisoners, or soldiers are confined.
compress	From Middle English compressen, from Old French compresser, from Late Latin compressare (“to press hard/together”), from Latin compressus, the past participle of comprimō (“to compress”), itself from com- (“together”) + premō (“press”).	verb. To make smaller; to press or squeeze together, or to make something occupy a smaller space or volume.
comprise	From Middle English comprisen, from Old French compris, past participle of comprendre, from Latin comprehendere, contr. comprendere, past participle comprehensus (“to comprehend”); see comprehend. Compare apprise, reprise, surprise.	verb. To be made up of; to consist of (especially a comprehensive list of parts).
computer	From compute + -er. Doublet of cantore, counter, and kontor. The sense referring to people first appears c. 1613 in the works of the poet Richard Brathwait. The sense referring to a machine first appears c. 1897 in the magazine Engineering.	noun. A programmable electronic device that performs mathematical calculations and logical operations, especially one that can process, store and retrieve large amounts of data very quickly; now especially, a small one for personal or home use employed for manipulating text or graphics, accessing the Internet, or playing games or media.
conceive	From Middle English conceyven, from Old French concevoir, conceveir, from Latin concipiō, concipere (“to devise, to conceive”).	verb. To have a child; to become pregnant (with).
concerto	Borrowed from Italian concerto, deverbal from concertare. Doublet of concert.	noun. A piece of music for one or more solo instruments and orchestra.
conclude	From Middle English concluden, borrowed from Latin conclūdere (“to shut up, close, end”).	verb. To end; to come to an end.
concrete	Borrowed from Latin concrētus, past participle of concrescō (to curdle) from con- (with, together) + crescō (to grow, rise).	adjective. Real, actual, tangible.
condense	Borrowed from Middle French condenser, from Latin condēnsō.	verb. To concentrate toward the essence by making more close, compact, or dense, thereby decreasing size or volume.
conflict	From Latin cōnflīctus, from com- + flīctus, past participle of conflīgō (“to strike together”), from com- + flīgō (“strike”) (whence con-).	noun. A clash or disagreement, often violent, between two or more opposing groups or individuals.
confront	From Middle French confronter, borrowed from Medieval Latin cōnfrontāre, from con- + frontem (“front, forehead”).	verb. To stand or meet facing, especially in competition, hostility or defiance; to come face to face with.
confused	Originally from Middle English confused (“frustrated, ruined”), from Anglo-Norman confus + Middle English -ed (past participial suffix), from Latin cōnfūsus, past participle of cōnfundō; now equivalent to confuse (a back-formation) + -ed.	verb. simple past and past participle of confuse
consider	From Middle English consideren, from Middle French considerer, from Latin considerare.	verb. To think about seriously.
constant	From Middle English constant, from Old French constant, from Latin constantem, accusative of constans, from cōnstāre (“to stand firm”). Displaced native Old English singal.	adjective. Unchanged through time or space; permanent.
consumer	From consume + -er.	noun. One who, or that which, consumes.
contempt	From Latin contemptus (“scorn”), from contemnō (“to scorn, despise”), from com- + temnō (“to despise”). Displaced native Old English forsewennes.	noun. The state or act of contemning; the feeling or attitude of regarding someone or something as inferior, base, or worthless; scorn, disdain.
continue	From Middle English continuen, from Old French continuer, from Latin continuāre. Displaced native Middle English thurghwonen, from Old English þurhwunian.	verb. To proceed with; to prolong.
contract	From Middle English, from Old French contract, from Latin contractus (noun), from contrahere (“to bring together, to bring about, to conclude a bargain”) [from con- (“with, together”) + trahere (“to draw, to pull”)] + -tus (suffix forming nouns from verbs).	noun. An agreement between two or more parties, to perform a specific job or work order, often temporary or of fixed duration and usually governed by a written agreement.
contrary	From Middle English contrarie, compare French contraire, from Old French contraire, from Latin contrārius (“opposite, opposed, contrary”), from contrā (“against”).	adjective. Opposite; in an opposite direction; in opposition; adverse.
contrast	From French contraster, from Latin contrāstāre (“to resist", "to withstand”), from contrā (“against”) + stō, stāre (“to stand”).	noun. A difference in lightness, brightness or hue between two colours that makes them more or less distinguishable. The degree of this difference.
contrive	From Middle English contreve (“to invent”), from Old French controver (Modern French controuver), from trover (“to find”) (French trouver).	verb. To invent by an exercise of ingeniosity; to devise
converse	From Old French converser, from Latin conversor (“live, have dealings with”).	verb. To talk; to engage in conversation.
convince	Borrowed from Latin convincō (“to refute, prove”), from con- + vincō (“to conquer, vanquish”). Doublet of convict. Displaced native Old English oferreċċan.	verb. To make someone believe, or feel sure about something, especially by using logic, argument or evidence.
corridor	Borrowed from French corridor, from Italian corridore (“long passage”) (= corridoio), from correre (“to run”).	noun. A narrow hall or passage with rooms leading off it, as in a building or in a railway carriage.
coupling	From Middle English couplynge; equivalent to couple + -ing.	noun. The act of joining together to form a couple.
courtesy	From Middle English curteisie, curtesie, from Anglo-Norman curtesie, from Old French curteisie, cortoisie. Equivalent to courteous + -y (abstract noun suffix). By surface analysis, court + -esy.	noun. Polite behavior.
coverage	From cover + -age. First attested in 1912. Compare Middle English coverage (“a charge for having or stall or booth at a fair”).	noun. An amount by which something or someone is covered.
covering	Present participle or participial adjective from cover (verb) + -ing; or, from Middle English coverynge, participle form of coveren, keveren (“to cover”).	verb. present participle and gerund of cover
cracking	Inherited from Middle English crakynge.	noun. The thermal decomposition of a substance, especially that of crude petroleum in order to produce petrol / gasoline.
creation	Inherited from Middle English creacion, from Old French creacion (modern French création), from Latin creātiō, creātiōnis. By surface analysis, create + -ion. Displaced native Old English ġesċeaft.	noun. Something created such as an invention or artwork.
creative	Borrowed from Late Latin creativus, from Latin creō. Equivalent to create + -ive. Displaced native Old English orþanclīċ.	adjective. Tending to create things, or having the ability to create; often, excellently, in a novel fashion, or any or all of these.
creature	Inherited from Middle English creature (“a created thing”), borrowed via Old French creature, from Late Latin creātūra, from creō. By surface analysis, create + -ure. Displaced native Old English ġesċeaft. Doublet of craythur and critter.	noun. A living being, such as an animal, monster, or alien.
credible	From Middle English credible, borrowed from Middle French credible, from Latin crēdibilis (“worthy of belief”), from crēdō (“believe”); see credit.	adjective. Believable or plausible.
criminal	From Middle English cryminal, borrowed from Anglo-Norman criminal, from Late Latin criminalis, from Latin crimen (“crime”).	adjective. Against the law; forbidden by law.
criteria	The plural form of criterion, formed according to the Ancient Greek -ον (-on) → -α (-a) pluralisation pattern.	noun. plural of criterion
critical	From Latin criticus + English -al.	adjective. Inclined to find fault or criticize.
crossing	By surface analysis, cross + -ing.	noun. Cross-breeding.
cruising	By surface analysis, cruise + -ing.	noun. Sailing about without an exact destination, especially for pleasure.
crushing	By surface analysis, crush + -ing.	verb. present participle and gerund of crush
cultural	From culture + -al.	adjective. Pertaining to culture.
cupboard	Inherited from Middle English cuppeborde, cupbord. Equivalent to cup + board. Phonetic variants show that the /p/ in the original forms had assimilated to the present-day /b/ by the 16th century; the etymological spelling has, however, dominated from the 18th century.	noun. A board or table used to openly hold and display silver plate and other dishware; a sideboard; a buffet.
currency	Borrowed from Medieval Latin currentia. By surface analysis, current + -cy.	noun. Money or other items used to facilitate transactions.
customer	From Middle English custumer, from Old French coustumier, costumier (compare modern French coutumier), from Medieval Latin custumarius (“a toll-gatherer, tax-collector”, noun), from custumarius (“pertaining to custom or customs”, adjective), from custuma (“custom, tax”). More at custom. By surface analysis, custom + -er.	noun. A habitual patron, regular purchaser, returning client; a person or company who has a custom of buying from a particular business.
cylinder	From Middle French chilindre, cylindre, from Latin cylindrus, from Ancient Greek κύλινδρος (kúlindros), from κυλίνδω (kulíndō) "I roll or wallow" (intransitive). Doublet of calander and calender.	noun. A surface created by projecting a closed two-dimensional curve along an axis intersecting the plane of the curve.
damaging	From damage + -ing.	adjective. Causing damage; harmful, injurious.
darkness	From Middle English derknesse, from Old English deorcnes; equivalent to dark + -ness.	noun. The state of being dark; lack of light; the absolute or comparative absence of light.
database	From data + base.	noun. A collection of (usually) organized information in a regular structure, usually but not necessarily in a machine-readable format accessible by a computer.
daughter	From Middle English doghter, doughter, from Old English dohtor (“daughter”), from Proto-West Germanic *dohter, from Proto-Germanic *duhtēr, from Proto-Indo-European *dʰugh₂tḗr.	noun. One’s female offspring.
daylight	From Middle English daye-lighte, dey liȝht, dailiȝt, day-liht, dai-liht (also as days lyȝt, daies liht), equivalent to day + light. Cognate with Saterland Frisian Deegeslucht, Daisljoacht (“daylight”), West Frisian deiljocht (“daylight”), Dutch daglicht (“daylight”), German Tageslicht (“daylight”).	noun. The natural light that is ambient in daytime, being mostly sunlight (both direct and indirect, on either sunny days or cloudy days).
deadline	According to the Oxford English Dictionary, early usage refers to lines that do not move, such as one used in angling. Slightly later American usage refers to a boundary in a prison which prisoners must not cross. There is only indirect evidence that the sense of "due date" may be connected with this use of the term in prison camps during the American Civil War, when it referred to a physical line or boundary beyond which prisoners were shot. In 1904, in a report from the US Department of Commerce and Labor, the term is used for "minimum work goals" (and in contrast to bonus line): for example, as a typographer the line could be 18,000 ems per day; should one not cross this line, then that could have negative consequences. In 1917, the term is attested as a printing term for a guideline on the bed of a printing press beyond which text will not print. Three years later, the term is found in print in the sense of "time limit" in the closely connected publishing industry, indicating the time after which material would not make it into a newspaper or periodical.	noun. A time limit in the form of a date on or before which something must be completed.
debugger	From debug + -er.	noun. A computer program that helps the user to test and debug other programs, by enabling their step-by-step execution controlled by the user, setting of breakpoints, and monitoring values of variables.
decision	Derived from Middle French, from Latin dēcīsiō, dēcīsiōnis, from dēcīdō (“to decide”).	noun. The act of deciding.
decrease	From Middle English decresen, alteration of discresen, from Anglo-Norman, Old French descreistre (French: décroître), from Latin decrescere.	verb. Of a quantity, to become smaller.
dedicate	From Middle English dedicaten (“to dedicate”), from dedicat(e) (“dedicated”, also used as the past participle of dedicaten) + -en (verb-forming suffix), from Latin dēdicātus, the perfect passive participle of dēdicō (“to dedicate, proclaim”), see -ate (verb-forming suffix).	verb. To set apart for a deity or for religious purposes; consecrate.
defeated	From defeat + -ed.	adjective. Subjugated, beaten, overcome.
defended	From defend + -ed.	adjective. Having defenses.
definite	From Latin dēfīnītus, past participle of dēfīniō, whence also English define.	adjective. Having distinct limits.
degraded	degrade + -ed. See degrade and compare French degré (“step”).	adjective. Feeling or having undergone degradation; deprived of dignity or self-respect.
deletion	From Latin dēlētiōnem (“destruction, effacement”), from the past-participle stem of dēlēre (“to blot out, destroy, efface”). Equivalent to delete + -ion.	noun. An item that has been or will be deleted.
delicate	From Middle English delicat, from Latin dēlicātus (“giving pleasure, delightful, soft, luxurious, delicate, (in Medieval Latin also) fine, slender”), from dēlicia + -ātus (see -ate (adjective-forming suffix)), usually in plural dēliciae (“pleasure, delight, luxury”), from dēliciō (“to allure, entice”), from dē- (“away”) + laciō (“to lure, to deceive”), from Proto-Italic *lakjō (“to draw, pull”), of unknown ultimate origin. Compare delight, delicious and Spanish delgado (“thin, skinny”). The noun is from a substantivization of the adjective (see -ate).	adjective. Easily damaged or requiring careful handling.
delivery	From Middle English deliveri et al., from Anglo-Norman, from Old French delivrer.	noun. The act of conveying something.
delusion	From Latin dēlūsiō.	noun. An adamant belief in a falsehood despite incontestable evidence.
demented	Past participle of dement + -ed, from Latin dēmentāre.	adjective. Insane; mentally ill.
demolish	Attested since the 16th century; from Middle French demoliss-, the stem of some conjugated forms of the verb demolir (“to destroy”, “to tear down”), from Latin dēmōlior (“to tear down”). Displaced native Old English tōweorpan (literally “to throw apart”).	verb. To destroy (buildings, etc.), especially in a planned or intentional fashion.
deranged	Borrowed from French dérangé.	adjective. Disturbed or upset, especially mentally.
describe	From Middle English descriven, from Old French descrivre, from Latin dēscrībō (“to copy off, transcribe, sketch off, describe in painting or writing”), from dē (“off”) + scrībō (“write”); see scribe and shrive. Displaced native Old English āmearcian.	verb. To represent in words.
designer	From design + -er.	noun. A person who designs something, or who designs things as a profession.
detector	Borrowed from Latin dētēctor. Equals detect + -or (agent noun forming suffix).	noun. A device capable of registering a specific substance or physical phenomenon, and that optionally sounds an alarm or triggers a warning.
diagonal	From Middle French diagonal, from Latin diagōnālis, from Ancient Greek διαγώνιος (diagṓnios, “from angle to angle”), from διά (diá, “across”) + γωνία (gōnía, “angle”).	adjective. Joining two nonadjacent vertices (of a polygon or polyhedron).
dialogue	Inherited from Middle English dialog, from Old French dialoge (French dialogue), from Late Latin dialogus, from Ancient Greek διάλογος (diálogos, “conversation, discourse”), from διά (diá, “through, inter”) + λόγος (lógos, “speech, oration, discourse”), from διαλέγομαι (dialégomai, “to converse”), from διά (diá) + λέγειν (légein, “to speak”), equivalent to dia- (“between”) + -logue. Also analyzable as di- (“two”) + -alogue.	noun. A conversation or other form of discourse between two or more individuals.
diameter	From Old French diametre (French diamètre), from Latin diametros, from Ancient Greek διάμετρος (diámetros) (γραμμή (grammḗ)) (diametros grammē, “line measuring across”), from διά (diá, “across”) + μέτρον (métron, “measure”). By surface analysis, dia- + -meter.	noun. Any straight line between two points on the circumference of a circle that passes through the center of the circle; a chord that passes through the center of the circle.
dictator	From Latin dictātor (“a chief magistrate”), from dictō (“dictate, prescribe”), from dīcō (“say, speak”). By surface analysis, dictate + -or, literally “one who dictates”. Compare Old English tictator (“absolute ruler of the Roman Republic”).	noun. An authoritarian leader of a country, nation, or government.
directly	From direct + -ly.	adverb. In a direct manner; in a straight line or course.
director	Borrowed from Middle French directeur and its source Late Latin dīrēctōrem, from Latin dīrēctus. By surface analysis, direct + -or.	noun. One who directs; the person in charge of managing a department or directorate (e.g., director of engineering), project, or production (as in a show or film, e.g., film director).
disabled	From disable + -ed.	adjective. Made incapable of use or action.
disagree	From Middle English disagre (“to refuse to assent to”), from Anglo-Norman disagreer, disagrer, desagreer (“to refuse assent”), from Old French desagreer, desagrëer (“to be disagreeable; to be unpleasant”) (modern French désagréer (“to displease”)); the English word is analysable as dis- + agree.	verb. To fail to agree; to have a different opinion or belief.
disaster	From Middle French desastre, from Italian disastro, from dis- + astro (“star”), from Latin astrum (“star”), from Ancient Greek ἄστρον (ástron, “star”), from Proto-Indo-European *h₂stḗr.	noun. An unexpected natural or man-made catastrophe of substantial extent causing significant physical damage or destruction, loss of life or sometimes permanent change to the natural environment.
discount	Alteration of French descompte, décompte, from Old French disconter, desconter (“reckon off, account back, discount”), from Medieval Latin discomputō (“to deduct, discount”), from Latin dis- (“away”) + computō (“to reckon, count”). By surface analysis, dis- + count.	verb. To sell at a reduced price.
discover	From Middle English discoveren, from Old French descovrir, from Late Latin discoperīre < discooperiō, discooperīre, from Latin dis- + cooperiō. Displaced native Old English onfindan.	verb. To find or learn something for the first time.
discrete	From Old French discret, from Latin discrētus, past participle of discernō (“divide”), from dis- + cernō (“sift”). Doublet of discreet.	adjective. Separate; distinct; individual; non- continuous.
disguise	From Middle English disgisen, disguisen, borrowed from Old French desguiser (modern French déguiser), itself derived from des- (“dis-”) (from Latin dis-) + guise (“guise”) (from a Germanic source).	noun. Material (such as clothing, makeup, a wig) used to alter one’s visual appearance in order to hide one's identity or assume another.
disorder	Borrowed from Middle French desordre (modern French désordre), from Old French desordre, from des- + ordre; by surface analysis, dis- + order (<< Latin ōrdō). Compare typologically Russian непоря́док (neporjádok), беспоря́док (besporjádok), неуря́дица (neurjádica) (akin to ряд (rjad), поря́док (porjádok)).	noun. Absence of order; state of not being arranged in an orderly manner.
disposal	From dispose + -al.	noun. A disposition; an arrangement, categorization, or classification of things.
distance	From Middle English distance, distaunce, destance (“disagreement, dispute; discrimination; armed conflict; hostility; trouble; space between two points; time interval”), from Anglo-Norman distance, distaunce, destance, Middle French distance, and Old French destance, destaunce, distaunce (“debate; difference, distinction; discord, quarrel; dispute; space between two points; time interval”) (modern French distance), and directly from their etymon Latin distantia (“difference, diversity; distance, remoteness; space between two points”) (whence also Late Latin distantia (“disagreement; discrepancy; gap, opening; time interval”)), from distāns (“being distant; standing apart”) + -ia (suffix forming feminine abstract nouns). Distāns is the present active participle of distō (“to be distant; to stand apart; to differ”), from dis- (prefix meaning ‘apart, asunder; in two’) + stō (“to stand”) (ultimately from Proto-Indo-European *steh₂- (“to stand (up)”)). The verb is derived from the noun.	noun. An amount of space between points (often geographical points), usually (but not necessarily) measured along a straight line.
distinct	From Middle English distincte, past participle of distincten (“to distinguish, discern”), from Old French destincter, from Latin distinctus, past participle of distinguere (“to distinguish”); see distinguish.	adjective. Capable of being perceived very clearly.
distract	Borrowed from Latin distractus, from distrahō (“to pull apart”), from dis- + trahō (“to pull”).	verb. To divert the attention of.
distress	The verb is from Middle English distressen, from Old French destrecier (“to restrain, constrain, put in straits, afflict, distress”); compare French détresse. Ultimately from Medieval Latin as if *districtiō, an assumed frequentative form of Latin distringō (“to pull asunder, stretch out”), from dis- (“apart”) + stringō (“to draw tight, strain”). The noun is from Middle English distresse, from Old French destrece, ultimately also from Latin distringō.	noun. Physical or emotional discomfort, suffering, or alarm, particularly of a more acute nature.
district	From French district, from Medieval Latin districtus (“a district within which the lord may distrain, also jurisdiction”), from Latin districtus, past participle of distringere (“to draw asunder, compel, distrain”), from dis- (“apart”) + stringere (“to draw tight, strain”). Doublet of Detroit.	noun. An administrative division of an area.
division	From Middle English divisioun, from Old French division, from Latin dīvīsiō, dīvīsiōnem, noun of process form from perfect passive participle dīvīsus (“divided”), from dīvidō (“divide”). Doublet of divisio.	noun. The act or process of dividing anything.
doctrine	From Middle English, from Old French, from Latin doctrina (“teaching, instruction, learning, knowledge”), from doctor (“a teacher”), from docere (“to teach”); see doctor.	noun. A belief or tenet, especially about philosophical or theological matters.
document	Borrowed from Middle French document, from Latin documentum.	noun. An original or official paper used as the basis, proof, or support of anything else, including any writing, book, or other instrument conveying information pertinent to such proof or support.
domestic	From Middle French domestique, from Latin domesticus, from domus (“house, home”).	adjective. Of or relating to the home.
dominant	Borrowed from Middle French dominant.	noun. The fifth major tone of a musical scale (five major steps above the note in question); thus G is the dominant of C, A of D, and so on.
dominate	Borrowed from Latin dominātus, perfect active participle of dominor (“to rule, have dominion”) (see -ate (verb-forming suffix)), from dominus (“lord, master”) + -or (verb-forming suffix).	verb. To govern, rule or control by superior authority or power.
donation	From Middle English donacion, donation, from Middle French donation, from Latin dōnātiō (“a present”), from dōnō (“to give”), from dōnum (“a gift”). Recorded in English since the 15th century. Equivalent to donate + -ion.	noun. A voluntary gift or contribution for a specific cause.
doubtful	From Middle English doutfull, douteful, equivalent to doubt + -ful.	adjective. Subject to, or causing doubt.
downhill	From down- + hill.	adverb. Down a slope.
dragging	From drag + -ing.	adjective. That drags.
dramatic	Learned borrowing from Latin drāmaticus. By surface analysis, drama + -tic.	adjective. Of or relating to the drama.
drawback	From draw + back. Compare setback.	noun. A disadvantage; something that detracts or takes away.
dreadful	From Middle English dredful, dredfull, dredeful (also dreful). By surface analysis, dread + -ful.	adjective. Full of something causing dread, whether Genuinely horrific, awful, or alarming; dangerous, risky. Unpleasant, awful, very bad (also used as an intensifier). Awesome, awe-inspiring, causing feelings of reverence.
dressing	From Middle English dressing, dressinge, dressynge, equivalent to dress + -ing.	noun. Material applied to a wound for protection or therapy.
drinking	Inherited from Middle English [Term?]. By surface analysis, drink + -ing.	noun. An act or session by which drink is consumed, especially alcoholic beverages.
dropping	By surface analysis, drop + -ing.	verb. present participle and gerund of drop
duration	From Middle English duracioun, from late Old French duracion, from Medieval Latin dūrātiō.	noun. An amount of time or a particular time interval.
dynamics	From dynamic + -ics.	noun. The branch of mechanics that is concerned with the effects of forces on the motion of objects.
economic	The noun is derived from Middle English economike, iconomique (“household management”), and then: from οἰκονόμος (oikonómos, “master of a house; household manager, steward; administrator, manager”) + -ῐκός (-ĭkós, suffix meaning ‘of or relating to’ forming adjectives). Οἰκονόμος (Oikonómos) is derived from οἶκος (oîkos, “dwelling place, house; estate”) (ultimately from Proto-Indo-European *weyḱ- (“(verb) to enter in; to settle; (noun) settlement”)) + νόμος (nómos, “law, ordinance”) (from νέμω (némō, “to distribute; to possess”) (ultimately from Proto-Indo-European *nem- (“to distribute; to give; to take”)) + -ος (-os, suffix forming o-grade action nouns from verbs)). Noun sense 2.2 (“one who manages the income of a vacant benefice”) is from Italian economo, from Late Latin oeconomus (“housekeeper, steward; administrator, especially of a religious foundation”), from Ancient Greek οἰκονόμος (oikonómos, “master of a house; household manager, steward; administrator, manager”): see above. The adjective is derived from the noun; compare the adjective senses in Middle and Old French, Latin, and Ancient Greek. By surface analysis, economy + -ic.	adjective. Pertaining to an economy.
educated	From educate + -ed.	adjective. Having attained a level of higher education, such as a college degree.
eighteen	From Middle English eightetene, eiȝtene, ehtetene, from Old English eahtatīene, eahtatēne, from Proto-Germanic *ahtōutehun. Cognate with West Frisian achttjin, Dutch achttien, German achtzehn, Danish atten. Equivalent to eight + -teen.	numeral. The cardinal number occurring after seventeen and before nineteen, represented in Roman numerals as XVIII and in Arabic numerals as 18.
election	From Middle English eleccioun, eleccion, from Anglo-Norman eleccioun, from Latin ēlectiōn-, stem of ēlectiō (“choice, selection”), from ēligō (“to pluck out, to choose”). Equivalent to elect + -ion. Displaced native Old English cyre (“choice, free will, election”).	noun. A process of choosing a leader, members of parliament, councillors, or other representatives by popular vote.
electric	First attested in c. 1646 in a publication by Thomas Browne. From New Latin ēlectricus (“electrical; of amber”), from ēlectr(um) (“amber”) + -icus (“adjectival suffix”); from Ancient Greek ἤλεκτρον (ḗlektron, “amber”); related to ἠλέκτωρ (ēléktōr, “shining sun”), of unknown origin (see which for more). The Latin term was apparently used first with the sense electrical in 1600 by the English physician and scientist William Gilbert in his work De Magnete.	adjective. Of, relating to, produced by, operated with, or utilising electricity; electrical.
electron	Blend of electric + ion, coined by Anglo-Irish scientist George Stoney in 1891, changed by him multiple times from an earlier electrolion and original electrine (used as early as 1874) as the name for the electric charge associated with a univalent ion. Compare electro-, -on. The particle ("corpuscule") was discovered in 1896. The name electrion was proposed for the particle in 1906 but curtailed because Hendrik Lorentz preferred electron.	noun. The subatomic particle having a negative charge and orbiting the nucleus; the flow of electrons in a conductor constitutes electricity.
elephant	From Middle English elefant, elefaunt, from Old French elefant, elefan, olifant, re-latinized in Middle French as elephant, from Latin elephantus, from Ancient Greek ἐλέφᾱς (eléphās) (gen. ἐλέφαντος (eléphantos)). Believed to be derived from an Afroasiatic form such as Proto-Berber *eḷu (“elephant”) (compare Tamahaq êlu, Tamasheq alu) or Egyptian ꜣbw (“elephant; ivory”). More at ivory. Replaced Middle English olifant (from the aforementioned Old French form, from Vulgar Latin *olifantus), which replaced Old English elpend (“elephant”).	noun. A large mammal of the family Elephantidae in the order Proboscidea, having a trunk, and native to Africa and Asia.
elevator	From elevate + -or.	noun. Anything that raises or uplifts.
eligible	From Middle French eligible, from Latin eligibilis, from ēligō (“to select, to choose”).	adjective. Allowed to and meeting the necessary conditions required to participate in or be chosen for something.
embedded	From embed + -ed.	adjective. Part of; firmly, or securely surrounded; lodged solidly into; deep-rooted.
emerging	By surface analysis, emerge + -ing.	adjective. Becoming prominent; emergent; rising.
emphasis	From Latin emphasis, from Ancient Greek ἔμφασις (émphasis, “significance”), from ἐμφαίνω (emphaínō, “to present; to indicate”), from ἐν- (en-, “in”) + φαίνω (phaínō, “to show”).	noun. Special weight or forcefulness given to something considered important.
employee	From employ + -ee. First attested in the early 19th century, possibly modeled after French employé.	noun. A person who provides labor to a company or another person.
employer	From employ + -er, first attested in the late 16th century. Compare French employeur.	noun. A person, firm or other entity which pays for or hires the services of another person.
endeavor	The verb is from Middle English endeveren (“to make an effort”); the noun is from Middle English endevour, from the verb. Endeveren is from (putten) in dever (“(to put oneself) in duty”), from in + dever (“duty”), partially translating Middle French (se mettre) en devoir (de faire) (“(to make it) one's duty (to do), to endeavour (to do)”) (from Old French devoir, deveir (“duty”)).	noun. A sincere attempt; a determined or assiduous effort towards a specific goal; assiduous or persistent activity.
engineer	The noun is derived from: The verb is derived from the noun.	noun. A soldier engaged in designing or constructing military works for attack or defence, or other engineering works. A soldier in charge of operating a weapon; an artilleryman, a gunner.
enhanced	From enhance + -ed.	adjective. In a version or form that has been improved or made better than some other standard form.
enormous	From Latin ēnormis. An assimilated form of ex- (“out of”) + norma (“rule, norm”) + -ous.	adjective. Deviating from the norm; unusual, extraordinary.
entirely	From Middle English entyerly, entierly, enterely, entyreliche, equivalent to entire + -ly.	adverb. To the full or entire extent.
entirety	From Middle English enterete, from Old French entiereté, from Latin integritās, from integer (“complete, whole”). Doublet of integrity.	noun. The whole; the complete or amount.
entrance	From Middle French entrance (“entry”). Replaced native Middle English ingang (“entrance, admission”), from Old English ingang (“ingress, entry, entrance”).	noun. The action of entering, or going in.
envelope	From French enveloppe. The engineering sense is derived from flight envelope. The verb is from the noun.	noun. A paper or cardboard wrapper used to enclose small, flat items, especially letters, for mailing.
envisage	From French envisager, from en (“in”) + visage (“visage”); equivalent to en- + visage.	verb. To conceive or see something within one's mind; to imagine or envision.
equality	Borrowed from Middle French equalité (modern French égalité), from Latin aequālitās, aequālitātem. Doublet of equity. By surface analysis, equal + -ity	noun. The fact of being equal.
equation	From Old French, from Latin aequātiō (“an equalizing”). Morphologically equate + -ion	noun. The act or process of equating two or more things, or the state of those things being equal (that is, identical).
esoteric	Learned borrowing from Ancient Greek ἐσωτερικός (esōterikós, “belonging to an inner circle”), from ἐσωτέρω (esōtérō, “further inside”), comparative of ἔσω (ésō, “within”), from ἐς (es), εἰς (eis, “into”) (the term esoteric referred originally to the secret teachings of Greek philosophers, versus public or exoteric ones).	adjective. Intended for or likely to be understood by only a small number of people with a specialized knowledge or interest, or an enlightened inner circle.
estimate	From Middle English estimat, borrowed from Latin aestimātus (“valuing, estimate”, only used in the ablative singular: "aestimātū..." (in valuing...)), from aestimō + -tus (“action noun-forming suffix”).	noun. A rough calculation or assessment of the value, size, or cost of something.
eternity	From Middle English eternyte, from Old French eternité, from Latin aeternitās. Displaced native Old English ēcnes.	noun. Existence without end, infinite time.
evaluate	Back-formation from evaluation.	verb. To draw conclusions from examining; to assess; to appraise.
evenings	From evening + -s (adverbial suffix). Compare with Dutch avonds, Low German avends, German abends.	adverb. In the evening, during the evening.
eventual	From event + -ual; compare French éventuel. The third sense is influenced by any of several European languages, including German eventuell, French éventuel, Italian eventuale, Spanish eventual, Swedish eventuell.	adjective. Finally resulting or occurring (after a period of time); inevitable.
everyday	From Middle English everidayes, every daies, every dayes (“everyday, daily, continual, constant”, adjective, literally “every day's”), equivalent to every + day.	adjective. Appropriate for ordinary use, rather than for special occasions.
everyone	An alteration of earlier everychone after every, from Middle English everichon. By surface analysis, every + one.	pronoun. Every person.
evidence	From Middle English evidence, from Old French [Term?], from Latin evidentia (“clearness, in Late Latin a proof”), from evidens (“clear, evident”); see evident.	noun. Facts or observations presented in support of an assertion.
examiner	From examine + -er.	noun. A person who investigates someone or something.
exchange	From Middle English eschaunge, borrowed from Anglo-Norman eschaunge, from Old French eschange (whence modern French échange), from the verb eschanger, from Vulgar Latin *excambiāre (from Latin ex with Late Latin cambiō). Spelling later changed on the basis of ex-, with pronunciation following. By surface analysis, ex- + change.	noun. An act of exchanging or trading.
exercise	From Middle English exercise, from Old French exercise, from Latin exercitium. Displaced native Old English plega (“an exercise”) whence Modern English play.	noun. Any activity designed to develop or hone a skill or ability.
explicit	Borrowed from French explicite, from Latin explicitus (“disentangled, easy”), variant of explicātus.	adjective. Very specific, clear, or detailed.
exposure	From expos(e) + -ure.	noun. The condition of being exposed, uncovered, or unprotected.
external	From Late Middle English, from Medieval Latin externus (“outward, external”), from exter / exterus (“on the outside, outward”).	adjective. Outside of something; on the exterior.
eyesight	From Middle English eiȝesiht, ieȝesihte, ehsihthe, eihsihthe, eȝhesihthe, equivalent to eye + sight.	noun. Vision or the faculty of sight.
facility	From Middle English facilite, from Middle French facilité, and its source, Latin facilitās. By surface analysis, facile + -ity. Doublet of faculty.	noun. The physical means or contrivances to make something (especially a public service) possible; the required equipment, infrastructure, location etc.
fairness	From Middle English fairness, fæȝernesse, from Old English fæġernes (“fairness; beauty; pleasantness”), equivalent to fair + -ness. Cognate with Old High German fagarnessi (“fairness”).	noun. The property of being fair or equitable.
faithful	From Middle English feithful, equivalent to faith + -ful.	adjective. Loyal; adhering firmly to person or cause.
familiar	From Middle English familiar, familier, from Latin familiāris (“pertaining to servants; pertaining to the household”). By surface analysis, family + -ar. Piecewise doublet of familial. Displaced native Old English hīwcūþ.	adjective. Known to one, or generally known; commonplace.
farewell	From Middle English farewel, from fare wel ! (and the variants with the personal pronoun " fare ye well " and " fare you well " used in the Renaissance), an imperative expression, possibly further derived from Old English * far wel !, equivalent to fare (“to fare, travel, journey”) + well. Compare Scots farewele, fairweill (“farewell”), Saterland Frisian Foarwäil (“farewell”), West Frisian farwol (“farewell”), German Fahrwol, Fahrwohl, East Frisian forwal, Dutch vaarwel (“farewell (sadly)”), Danish farvel (“farewell”), Norwegian farvel (“farewell”), Swedish farväl (“farewell”), Faroese farvæl (“goodbye”), Icelandic far vel (“farewell”). The extensive list of cognates suggests a postulated ultimate Proto-Germanic phrase of origin, possibly something akin to *far wela.	noun. A wish of happiness or safety at parting, especially a permanent departure.
feasible	From Anglo-Norman fesable, from Latin facere, Old French fesable, faisable (“doable”), from fere, faire (“to do”) + -able.	adjective. Able to be done in practice.
featured	From feature + -ed.	adjective. displayed with special treatment
feedback	From feed + back.	noun. Critical assessment of a process or activity or of their results.
feminist	First attested in 1852. Ultimately from Latin fēminīnus, from fēmina (“woman”). See also feminine, feminism.	adjective. Relating to or in accordance with feminism.
festival	From Middle English festival (adjective), from Old French festival (“festive”), from Late Latin fēstīvālis, from Latin fēstīvus (“festive”). By surface analysis, festive + -al. Displaced native Old English frēols. The noun is shortened from festival day, from Middle English festival dai, festiuall day (“feast day, festival”).	adjective. Pertaining to a feast or feast day; festive.
fighting	From Middle English feghtyng, fyȝtynge, fightand, feghtand, feghtande, feightand, feȝtand, viȝtinde, feihtende, from Old English feohtende, from Proto-Germanic *fehtandz, present participle of Proto-Germanic *fehtaną (“to comb, struggle, contend with”), equivalent to fight + -ing.	adjective. Engaged in war or other conflict.
filtered	From filter + -ed.	adjective. With a filter (e.g., a cigarette).
finalize	From final + -ize.	verb. To make final or firm; to finish or complete.
firework	From fire + work. Compare Saterland Frisian Fjuurwierk (“firework”), West Frisian fjoerwurk (“firework”), Dutch vuurwerk (“firework”), Low German Füürwark, Füerwark (“firework”), German Feuerwerk (“firework”), Danish fyrværkeri (“firework”), Swedish fyrverkeri (“firework”), Faroese fýrverk (“firework”).	noun. A device using gunpowder and other chemicals which, when lit, emits a combination of coloured flames, sparks, whistles or bangs, and sometimes made to rocket high into the sky before exploding, used for entertainment or celebration.
flashing	From flash + -ing.	noun. A sudden blazing or bursting, as of fire or water.
flexible	From Middle French flexible, from Latin flexibilis, from flectō (“to bend, curve”). Morphologically flex + -ible.	adjective. Capable of being flexed or bent without breaking; able to be turned or twisted without breaking.
floating	By surface analysis, float + -ing.	adjective. That floats or float.
flushing	From Middle English flusshyng, flusshynge, equivalent to flush + -ing.	noun. The act by which something is flushed.
follower	From Middle English folwer, folwere, folewer, from Old English folgere (“follower; attendant; disciple”), equivalent to follow + -er. Cognate with Saterland Frisian Foulger, West Frisian folger, Dutch volger, German Folger, Swedish följare.	noun. One who follows, comes after another.
football	From Middle English fotbal, footbal, equivalent to foot + ball, because the ball was primarily manipulated with the feet in early versions of the game (though some modern varieties involve more handling than kicking). The name for the briefcase is a play on “dropkick”, the code name of an early version of the nuclear war plan.	noun. A sport played on foot in which teams attempt to get a ball into a goal or zone defended by the other team.
footnote	From foot + note.	noun. A short piece of text, often numbered, placed at the bottom of a printed page, that adds a comment, citation, reference etc, to a designated part of the main text.
forcibly	From Middle English forceably, equivalent to forcible + -ly.	adverb. In a forcible manner, by force, against one's will.
forecast	From Middle English forecasten, forcasten, equivalent to fore- + cast. The noun is from Middle English forecast, forcast.	verb. To estimate how something will be in the future.
forgiven	Morphologically forgive + -n.	verb. past participle of forgive
formally	From formal + -ly.	adverb. In a formal manner.
formerly	From former + -ly.	adverb. at some time in the past
forwards	From forward + -s (adverbial suffix).	adverb. Synonym of forward in most senses.
fountain	From Middle English [Term?]; from Old French fontaine (whence modern fontaine); from Late Latin fontana, from Latin fontanus, fontaneus, adjectives from fons (“source, spring”).	noun. A natural source of water; a spring.
fourteen	From Middle English fourtene, from Old English fēowertīene, from Proto-Germanic *fedurtehun. Cognate with West Frisian fjirtjin, Dutch veertien, German vierzehn, Danish fjorten. Equivalent to four + -teen.	numeral. The cardinal number occurring after thirteen and before fifteen.
fraction	From Middle English fraccioun (“a breaking”), from Anglo-Norman, Old French fraccion, from Medieval Latin fractio (“a fragment, portion”), from earlier Latin fractio (“a breaking, a breaking into pieces”), from fractus, past participle of frangere (“to break”) (whence English frangible), from Proto-Indo-European *bʰreg- (English break). Doublet of frazione.	noun. A part of a whole, especially a comparatively small part.
fragment	From Late Middle English fragment, from Latin fragmentum (“a fragment, remnant”), from frangō (“to break”) + -mentum.	noun. A part broken off; a small, detached portion; an imperfect part, either physically or not.
freezing	By surface analysis, freeze + -ing.	adjective. Suffering or causing frost.
frequent	From Old French frequent, from Latin frequens (“crowded, crammed, frequent, repeated, etc.”), possibly from a Proto-Indo-European *bʰrekʷ- (“to cram together”).	adjective. Done or occurring often; common.
friction	From Middle French friction and directly from Latin frictionem, nom. frictio (“a rubbing, rubbing down”).	noun. The rubbing of one object or surface against another.
friendly	From Middle English frendly, freendly, frendely, frendlich, from Old English frēondlīċ, from Proto-Germanic *frijōndlīkaz, equivalent to friend + -ly. Cognate with Saterland Frisian früntelk, fjuntelk (“friendly”), West Frisian freonlik (“friendly”), Dutch vriendelijk (“friendly”), German Low German fründelk, frünnelk (“friendly”), German freundlich (“friendly”). Doublet of friendlike.	adjective. Generally warm, approachable and easy to relate with in character.
frighten	From Middle English *frightenen, equivalent to fright + -en.	verb. To cause to feel fear; to scare; to cause to feel alarm or fright.
function	From Middle French function, from Old French fonction, from Latin functiō (“performance, execution”), from functus, perfect participle of fungor (“to perform, execute, discharge”), from Proto-Indo-European *bʰewg- (“to enjoy”).	noun. What something does or is used for.
galactic	Borrowed from Ancient Greek γαλακτικός (galaktikós, “milky”), from γάλα (gála, “milk”). Doublet of galactico.	adjective. Relating to a galaxy. Relating to the Milky Way galaxy.
garbling	From garble + -ing.	verb. present participle and gerund of garble
gasoline	From gas + -ol (suffix used in the names of oils) + -ine (suffix used in the names of derivatives). So called because it was originally used in the manufacture and enrichment of domestic gases, such as air gas. Some sources suggest that the name originated from the brand name Cazeline, a petroleum -derived lighting oil, from the surname of the man who first marketed it in 1862, John Cassell, and the suffix –eline, from Greek ἔλαιον (élaion, “oil, olive oil”), from ἐλαία (elaía, “olive”). Gasolene is found from 1863, and gasoline from 1864.	noun. A flammable liquid consisting of a mixture of refined petroleum hydrocarbons, mainly used as a motor fuel; petrol.
generate	From Latin generō (“beget, procreate, produce”) + -ate (verb-forming suffix), from genus (“a kind, race, family”, gener- in compounds) + -ō; see genus. Compare Italian generare, French générer (and its older (and now obsolete) English cognate from Middle French, gender (“engender, breed, copulate”)).	verb. To bring into being; give rise to.
generous	From Middle French genereux, and its source, Latin generōsus (“of noble birth”), from genus (“race, stock”).	adjective. Noble in behaviour or actions; principled, not petty; kind, magnanimous.
genetics	From Ancient Greek γένεσις (génesis, “origin”). Coined by English biologist William Bateson in 1905 in a letter to zoologist Adam Sedgwick, and first used publicly by Bateson at a lecture to the International Conference on Plant Hybridization in 1906.	noun. The branch of biology that deals with the transmission and variation of inherited characteristics, in particular chromosomes and DNA.
geometry	From Middle English gemetry, geometrie, from Old French geometrie (modern French géométrie), from Latin geōmetria, from Ancient Greek γεωμετρία (geōmetría, “geometry, land-survey”), from γεωμέτρης (geōmétrēs, “geometer, land measurer”), from γῆ (gê, “earth, land, country”) + -μετρία (-metría, “measurement”), from μέτρον (métron, “a measure”). By surface analysis, geometer + -y or geo- + -metry. Doublet of gematria. Displaced native Old English eorþcræft, literally, " earth - craft ".	noun. The branch of mathematics dealing with spatial relationships.
globally	From global + -ly.	adverb. In all places or situations.
glorious	From Middle English glorious, from Anglo-Norman glorius and Old French glorïos, from Latin glōriōsus. Displaced native Middle English wulderful, from Old English wuldorfull (“glorious”), among other terms. Equivalent to glory + -ous.	adjective. Exhibiting attributes, qualities, or acts that are worthy of or receive glory.
goldfish	From gold + fish.	noun. A type of small fish, Carassius auratus, typically orange -colored.
goodness	From Middle English goodnesse, godnesse, from Old English gōdnes (“goodness; virtue; kindness”), from Proto-West Germanic *gōdnassī (“goodness”), equivalent to good + -ness. Cognate with Scots guidness (“goodness”), West Frisian goedens (“goodness”), Old High German guotnessī (“goodness”), Middle High German guotnisse (“goodness”), Russian годность (godnostʹ, “suitability, fitness”).	noun. The state or characteristic of being good.
gorgeous	From Middle English gorgeouse, a borrowing from Middle French gorgias (“elegant, fashionable”), from Old French gourgias, gorgias (“gorgeous, gaudy, flaunting, gallant, fine”), of uncertain origin, but apparently connected with Old French gorgias (“a gorget, ruffle for the neck”), from Old French gorge (“bosom, throat”). See gorge. Semantic evolution probably akin to "swelling of the throat or bosom due to pride, bridling up" to "assume an air of importance, flaunting".	adjective. Sumptuously dressed.
governor	From Middle English governour, from Old French gouvreneur, from Latin gubernator, from Ancient Greek κυβερνήτης (kubernḗtēs, “steersman, pilot, guide”), from κυβερνάω (kubernáō, “to steer, to drive, to guide, to act as a pilot”), of disputed origin. By surface analysis, govern + -or. Doublet of gubernator.	noun. The chief executive officer of a first - level administrative division of a country.
graduate	From Middle English graduat(e) (“(noun) a graduate of a university; (adjective) graduate, having graduated”, also used as the past participle of graduaten (“to graduate”)), borrowed from Medieval Latin graduātus (“graduated, graduate”), perfect passive participle of graduō (“to graduate”) (see -ate (adjective-forming suffix)), from gradus (“step”) + -ō (verb-forming suffix). The noun is originally derived within Latin from the adjective via substantivization, see -ate (noun-forming suffix). Sense 10 of the verb, relating to Japanese entertainment, is a semantic loan from Japanese 卒業 (sotsugyō).	noun. A person who is recognized as having completed any of various levels of education.
graffiti	Borrowed from Italian graffiti, from graffito, from graffire, borrowed from Ancient Greek γρᾰ́φω (grắphō, “to write”), from Proto-Hellenic *grə́pʰō, from Proto-Indo-European *gerbʰ-.	noun. Drawings or words drawn on a surface in a public place, usually made without authorization.
graffito	Borrowed from Italian graffito.	noun. An informal inscription, as by a worker or vandal.
grateful	From grate (“(obsolete) serving to gratify, agreeable, pleasing; grateful, thankful”) + -ful (suffix forming adjectives with the sense of tending to have or thoroughly having a quality). Grate is a learned borrowing from Latin grātus (“agreeable, pleasing; beloved, dear; grateful, thankful”), ultimately from Proto-Indo-European *gʷerH- (“to express approval, praise; to elevate”).	adjective. Of a person or their actions, feelings, etc.: expressing gratitude or appreciation; appreciative, thankful.
grinding	Inherited from Middle English gryndynge. By surface analysis, grind + -ing.	verb. present participle and gerund of grind
guessing	From Middle English gessyng, gessynge, equivalent to guess + -ing.	noun. The act of making a guess; estimate or prediction; foresight.
guidance	From guide + -ance. Displaced native Old English lādtēowdōm.	noun. The act or process of guiding.
gullible	Origin uncertain. Either from gull (“to dupe, trick, fool”) + -ible; or alternatively from Middle English gole, goll, gol (“an unfledged bird, silly fellow”), perhaps from Old Norse gulr (“yellow, pale”), from the hue of its down.	adjective. Easily deceived or duped; naive, easily cheated or fooled.
handbook	From Middle English handbok, from Old English handbōc (“handbook”), possibly reinforced as a calque of German Handbuch (“handbook”). By surface analysis, hand + book. Compare West Frisian hânboek (“handbook”), Dutch handboek (“handbook”), German Low German Handbook (“handbook”), Danish håndbog (“handbook”), Swedish handbok (“handbook”), Icelandic handbók (“handbook”).	noun. A topically organized book of reference on a certain field of knowledge, regardless of size, but archetypally one to be kept readily at hand.
handicap	From hand-in-cap, in reference to holding the game stakes in a cap.	noun. Something that prevents, hampers, or hinders.
handling	From Middle English handlinge, hondlunge, from Old English handlung (“handling”), equivalent to handle + -ing. Cognate with Dutch handeling (“trade, operation, action”), German Handlung (“act, action”), Swedish handling (“act, deed, action”).	noun. A touching, controlling, managing, using, taking care of, etc., with the hand or hands, or as with the hands.
hangover	American English; hang + over. First sense was first attested in 1904. Third sense was first attested in 1894.	noun. Negative effects, such as headache or nausea, caused by previous drunkenness due to (excessive) consumption of alcohol.
hardback	From hard + back, formed in analogy to earlier paperback.	noun. A book with a solid binding.
hardship	From Middle English hardshipe, equivalent to hard + -ship.	noun. Difficulty or trouble; hard times.
hardware	From Middle English hardware; equivalent to hard + -ware; attested since the mid-15th century.	noun. Fixtures, equipment, fasteners, tools, and devices used for general-purpose construction and repair of a structure or object. Also such equipment as sold as stock by a store of the same name, e.g. hardware store.
harmless	From Middle English harmles, from Old English *hearmlēas, from Proto-Germanic *harmalausaz (“without harm; harmless”), equivalent to harm + -less. Cognate with German harmlos (“harmless”), Danish harmløs (“harlmess”), Swedish harmlös (“harmless”).	adjective. Incapable of causing harm or danger; safe.
headache	From Middle English hevedeche, from Old English hēafodeċe. By surface analysis, head + ache.	noun. A pain or ache in the head.
headline	From head + line.	noun. The heading or title of a magazine or newspaper article.
heartily	From Middle English hertely, herteliche, heorteliche, from Old English ġeheortlīċe (“whole-heartedly, vigorously”), equivalent to hearty + -ly.	adverb. In a hearty manner.
helpless	From Middle English helples, from Old English *helplēas (“helpless”) from Proto-Germanic *helpōlausaz, equivalent to help + -less. Compare Dutch hulpeloos (“helpless”), German hilflos (“helpless”), Danish hjælpeløs (“helpless”) and Swedish hjälplös (“helpless”).	adjective. Unable to defend oneself.
heritage	From Middle English heritage, from Old French eritage, heritage (modern French héritage), ultimately derived (through suffixation) from Latin hērēs. By surface analysis, herit + -age.	noun. An inheritance; property that may be inherited.
hesitate	Borrowed from Latin haesitātus, perfect passive participle of haesitō (see -ate (verb-forming suffix)), intensive of haereō (“to hesitate, stick fast; to hang or hold fast”). Displaced native Old English wandian. Compare French hésiter.	verb. To stop or pause respecting decision or action; to be in suspense or uncertainty as to a determination.
historic	From Latin historicus (“historical”), from Ancient Greek ἱστορικός (historikós, “exact; historical”). Cognate with French historique. By surface analysis, history + -ic.	adjective. Very important; noteworthy: having importance or significance in history.
hitherto	The adverb is derived from Middle English hiderto (“to the present time, until now; up to this point”), from hider (“in this direction, to or toward this place; up to the present time, until now”) (from Old English hider (“to here, hither”)) + to (“in the direction of, toward; etc.”). By surface analysis, hither + to. The adjective is derived from the adverb.	adverb. Up to this or that time.
honestly	From Middle English honestly, honestlyche, honestliche, equivalent to honest + -ly.	adverb. In an honest manner.
honorary	From honor + -ary, modelled after French honoraire, from Latin honōrārius.	adjective. Given as an honor, with no duties attached, and without payment.
hopeless	From hope + -less. Compare Swedish hopplös.	adjective. Without hope; despairing; not expecting anything positive.
horrible	First attested in Middle English (alternately as horrible and orrible) in 1303: from Old French horrible, orrible, orible, from Latin horribilis, from horr(ēre) (“tremble”) + -ibilis (“-ible”).	noun. A thing that causes horror; a terrifying thing, particularly a prospective bad consequence asserted as likely to result from an act.
horribly	From Middle English horribly, horribely, horribliche, horriblelyche, equivalent to horrible + -ly.	adverb. In a horrible way; very badly.
horrific	Borrowed from Latin horrificus, from horreō (“to be afraid”) + -ficō (“to make”).	adjective. Causing horror; horrifying.
hospital	From Middle English hospital, hospitall, from Old French hospital (Modern French hôpital), from Late Latin hospitālis, hospitāle (“hospice, shelter, guesthouse”), from noun use of Latin hospitālis (“hospitable”), from hospes (“host, guest”). Doublet of hotel and hostel. Displaced native Middle English lechehous, from Old English lǣċehūs (literally “doctor house”).	noun. A large medical facility, usually in a building with multiple floors, where seriously ill or injured patients are given extensive medical or surgical treatment.
humanity	Inherited from Middle English humanyte, humanite, humanitye, from Old French humanité, from Latin hūmānitās. By surface analysis, human or humane + -ity. Partly displaced mankind, from Old English mancynn (literally “human race”).	noun. Humankind; human beings as a group.
humorous	From Middle English humorous (compare Medieval Latin hūmorōsus), equivalent to humor + -ous.	adjective. Full of humor or arousing laughter; funny.
hydrogen	Borrowed from French hydrogène (“hydrogen”), coined by the French chemists Louis-Bernard Guyton de Morveau (1737–1816) and Antoine Lavoisier (1743–1794) from hydro- (prefix meaning ‘water’) + -gène (suffix denoting a producer of something), from the fact that water is produced as a compound when hydrogen is oxidized. By surface analysis, hydro- (prefix meaning ‘water’) + -gen (suffix denoting a producer of something).	noun. The lightest chemical element (symbol H), with an atomic number of 1 and atomic weight of 1.008.
identify	From French identifier, from Medieval Latin identicus + Latin faciō.	verb. To establish the identity of someone or something.
identity	From Middle English ydemptite, from Middle French identité and its etymon Late Latin idemptitās, identitās, from idem (“the same”) + -tās (suffix forming abstract nouns) as a calque of Ancient Greek ταὐτότης (tautótēs, “sameness”).	noun. Sameness, identicalness; the quality or fact of (several specified things) being the same.
ideology	Borrowed from French idéologie, from idéo- + -logie (equivalent to English ideo- + -logy). Cognate with, but not derived from, idea. Coined 1796 by Antoine Destutt de Tracy. Modern sense of “doctrine” attributed to use of related idéologue (“ideologue”) by Napoleon Bonaparte as a term of abuse towards political opponents in early 1800s.	noun. Doctrine, philosophy, body of beliefs or principles belonging to an individual or group.
ignorant	From Old French ignorant, from Latin ignōrāns (“unaware, unknowing”). By surface analysis, ignore + -ant.	adjective. Unknowledgeable or uneducated; characterized by ignorance.
illusion	From Old French illusion, from Latin illūsiō, from illūdere, from in- (“at, upon”) + lūdere (“to play, mock, trick”). Displaced native Old English dwimmer.	noun. A distortion of sensory perception where real stimuli lead to a false or misleading impression of reality.
imagines	Learned borrowing from Latin imāginēs.	noun. plural of imago
immature	From Middle French immature. Partially displaced unripe, from Old English unrīpe (“unripe, immature”).	adjective. Occurring before the proper time; untimely, premature (especially of death).
imminent	From the present participle of Latin imminēre (“to overhang”), from mineō ("to project, overhang"), related to minae (English menace) and mons (English mount). Compare with eminent.	adjective. About to happen, occur, or take place very soon, especially of something which won't last long.
immortal	From Latin immortālis, from prefix im- (“not”) (from in-) + mortālis (“mortal”) (from mors (“death”), combining form mort- + adjectival suffix -alis), equivalent to im- + mortal. Displaced native undeadly, from Old English undēadlīċ. The term referring to the Persian soldiers was a Calque of Ancient Greek ἀθάνατος (athánatos). One suggestion claimed that "Immortals" were named by the ancient Greeks because wounded soldiers were quickly replaced, while another claimed that it was because Greek informants confused Old Persian *anauša- (“immortal, without death”) with Old Persian *anūšiya- (“companion, royal bodyguard”).	adjective. Not susceptible to death; living forever; never dying.
imperial	From Middle English imperial, from Old French imperial, from Latin imperiālis (“of the empire or emperor, imperial”), from imperium (“empire, imperial government”) + -ālis, from imperō (“command, order”), from im- (“form of in”) + parō (“prepare, arrange; intend”). Displaced Old English cāserlīċ.	adjective. Related to an empire, emperor, or empress.
implicit	From Middle French implicite, from Latin implicitus, past participle of implico (“to infold, involve, entangle”); see implicate.	adjective. Suggested indirectly, without being directly expressed; Implied.
imprison	Inherited from Middle English imprisonen, emprisounen, emprisonen, from Old French emprisonner. Equivalent to im- + prison.	verb. To put in or as if in prison; confine somebody against their will.
incident	Recorded since 1412, from Middle French incident, from Latin incidens, the present active participle of incidō (“to happen, befall”), itself from in- (“on”) + -cidō, the combining form of cadō (“to fall”).	noun. An event or occurrence.
inclined	From incline + -ed.	adjective. At an angle to the horizontal; slanted or sloped.
incoming	From in (adverb) + coming (adjective).	adjective. Coming (or about to come) in; arriving.
increase	From Middle English encresen, borrowed from Anglo-Norman encreistre, from Latin increscere (“to increase”), from in (“in, on”) + crescō (“grow”). The noun is from Middle English encres, from the verb.	verb. (of a quantity, etc.) To become larger or greater, to greaten.
indicate	Borrowed from Latin indicātus, perfect passive participle of indicō (“to point out, indicate”) (see -ate (verb-forming suffix)), from in- (“in, to”) + dicō (“to declare, (originally) to point”). See also diction and index.	verb. To point out; to discover; to direct to a knowledge of; to show; to make known.
indirect	From Middle French indirect, from Late Latin indirectus (“not direct”).	adjective. Not direct: Not of obvious or immediate cause, but as a secondary result.
industry	From Middle English industry, industrie, from Old French industrie, from Latin industria (“diligence, activity, industry”), from industrius (“diligent, active, zealous”), from Old Latin indostruus (“diligent, active”); origin unknown. Perhaps from indu (“in”) + ūst-, ūstr-, stem of ūrō (“burn, burn up, consume”, verb), related to Old High German ūstrī (“industry”), Old English andūstrian (“to hate, detest”, literally “to be consumed with zeal”).	noun. The tendency to work persistently.
infamous	From Middle English enfamouse, in-fames, infamous, from Medieval Latin īnfāmōsus, from Latin īnfāmis; by surface analysis, in- + famous. Displaced native Old English unhlīsful.	adjective. Having a bad reputation; disreputable; notorious; unpleasant or evil; widely known, especially for something scornful.
inferior	Borrowed from Latin īnferior (“lower in situation or place”), comparative of īnferus (“below, underneath”).	adjective. Lower in rank, status, or quality.
infinite	From Middle English infinite, from Old French infinit and its etymon Latin īnfīnītus, from in- (“not”) + fīnis (“end”) + the perfect passive participle ending -ītus. By surface analysis, in- + finite. Doublet of infinito. Displaced native Old English unġeendodlīċ.	adjective. Indefinably large, countlessly great; immense.
infinity	From Middle English infinite, from Old French infinité, from Latin īnfīnitās (“unlimitedness”), from negative prefix in- (“not”), + fīnis (“end”), + noun of state suffix -tās. By surface analysis, infinite + -ity.	noun. Endlessness, unlimitedness, absence of a beginning, end or limits to size.
informal	From in- + formal.	adjective. Not formal or ceremonious.
informed	From inform + -ed.	verb. simple past and past participle of inform
inherent	From Latin inhaerentem, accusative singular of inhaerēns, present active participle of inhaereō (“to be closely connected with; to adhere to”).	adjective. Naturally as part or consequence of something.
initiate	Borrowed from Latin initiātus, perfect passive participle of initiō (“to begin, originate”) (see -ate (verb-forming suffix)), from initium (“a beginning”) + -ō (verb-forming suffix), from initus (“an entrance, coming in, approach”) + -ium, from ineō + -tus, from in- + eō (“to go”). Cognate with French initier.	verb. To begin; to start.
innocent	From Middle English innocent, from Old French innocent, inocent, borrowed from Latin innocēns (“harmless, inoffensive”), from in- (“not”) + nocēns, present participle of noceō (“to hurt”). By surface analysis, in- (“not”) + nocent (“harmful; guilty”). Displaced native Old English unsċyldiġ.	adjective. Free from guilt, sin, or immorality.
insecure	From in- + secure, or from Medieval Latin insēcūrus, itself from in- (“in-, un-, non-”) + sēcūrus (“safe, certain”). Piecewise doublet of unsecure and unsure.	adjective. Not secure.
instance	Borrowed from Middle French instance, from Latin īnstantia (“a being near, presence, also perseverance, earnestness, importunity, urgency”), from īnstāns (“urgent”); see instant.	noun. Urgency of manner or words; an urgent request; insistence.
instinct	From Latin īnstīnctus, past participle of īnstinguō (“to incite, to instigate”), from in (“in, on”) + stinguō (“to prick”).	noun. A natural or inherent impulse or behaviour.
instruct	From Latin īnstrūctus, perfect passive participle of īnstruō (“I instruct; I arrange, furnish, or provide”).	verb. To teach by giving instructions.
integral	Borrowed from Middle French integral, from Medieval Latin integrālis, from Latin integer (“entire”); see integer.	adjective. Constituting a whole together with other parts or factors; not omittable or removable.
interact	From inter- + act.	verb. To act upon each other. To engage in communication and other shared activities (with someone).
interest	From Middle English interest, from Old French interesse and interest (French intérêt), from Medieval Latin interesse, from Latin interesse.	noun. The price paid for obtaining, or price received for providing, money or goods in a credit transaction, calculated as a fraction of the amount or value of what was borrowed.
interior	From Latin interior (“inner, interior”).	adjective. Within any limits, enclosure, or substance; inside; internal; inner.
internal	From Middle English internall, internalle, borrowing from New Latin internālis (“of or pertaining to the inner part”), from internus (“inward, internal”) + -ālis (“-al”, adjectival suffix). By surface analysis, intern + -al.	adjective. Of or situated on the inside.
interval	From Middle English interval, intervalle, from Old French intervalle, entreval, from Latin intervallum (“space between, interval, distance, interval of time, pause, difference; literally, space between two palisades or walls”), from inter (“between”) + vallum (“palisade, wall”).	noun. A distance in space.
intimate	Borrowed from Latin intimātus, the perfect passive participle of intimō (“to put or bring into, to impress, to make familiar”) (see -ate (adjective forming suffix)), from intimus (“inmost, innermost, most intimate”), superlative of intus (“within”), from in (“in”); see interior.	adjective. Closely acquainted; familiar.
invasion	From Middle French invasion, from Late Latin invāsiōnem, accusative of invāsiō.	noun. A military action consisting of a large armed force of one geopolitical entity entering territory controlled by another such entity, generally with the objective of conquering territory or altering the established government.
inventor	Borrowed from Latin inventor. By surface analysis, invent + -or.	noun. One who invents, either as a hobby or as an occupation.
involved	From involve + -ed.	adjective. Complicated.
irritate	Borrowed from Latin irrītātus, perfect passive participle of irrītō (“excite, irritate, incite, stimulate”), see -ate (verb-forming suffix).	verb. To provoke impatience, anger, or displeasure in.
isolated	A rendering into English of French isolé.	adjective. Placed or standing apart or alone; in isolation.
judgment	From Middle English juggement, borrowed from Old French jugement, from Late Latin iūdicāmentum, from Latin iūdicō. Partially displaced doom. By surface analysis, judge + -ment.	noun. The act of judging.
junction	From Latin iūnctiō (“union, joining, uniting”), from iungō (“join, attach together”). Equivalent to join + -tion.	noun. The act of joining, or the state of being joined.
juvenile	Borrowed from Latin iuvenīlis (“youthful; juvenile”), from iuvenis (“young; a youth”) + -īlis (suffix forming adjectives indicating a relationship or a pertaining to). Iuvenis is ultimately derived from Proto-Indo-European *h₂yuh₁en- (“young”), from *h₂óyu (“long life; lifetime”) (from *h₂ey- (“age; life”)) + *h₁én (“in”).	adjective. Young; not fully developed.
keyboard	From key + board.	noun. A set of keys laid out in a gridlike pattern, used for typing on a typewriter, computer, etc.
kindness	From Middle English kyndenesse, equivalent to kind + -ness.	noun. The state of being kind.
landlord	From Middle English londlord, landlorde, from Old English landhlāford, equivalent to land + lord. Cognate with Scots landlaird, Middle Low German lantlord (“homeowner, landlord”).	noun. A person that leases real property; a lessor.
language	From Middle English langage, language, from Old French language, from Vulgar Latin *linguāticum, from Latin lingua (“tongue, speech, language”), from Old Latin dingua (“tongue”), from Proto-Indo-European *dn̥ǵʰwéh₂s (“tongue, speech, language”). Doublet of langaj. Displaced native Old English ġeþēode.	noun. A body of words, and set of methods of combining them (called a grammar), understood by a community and used as a form of communication.
laughing	From Middle English laughynge; equivalent to laugh + -ing.	noun. verbal noun of laugh: the action of the verb to laugh.
laughter	From Middle English laughter, laghter, laȝter, from Old English hleahtor (“laughter, jubilation, derision”), from Proto-Germanic *hlahtraz (“laughter”), from Proto-Indo-European *klek-, *kleg- (“to shout”). Cognate with German Gelächter (“laughter, hilarity, merriment”), Danish and Norwegian latter (“laughter”), Icelandic hlátur (“laughter”). More at laugh.	noun. The sound of laughing, produced by air so expelled; any similar sound.
lavatory	From Middle English lavatorie, from Late Latin lavātōrium, from Latin lavāre (“to wash”) + -ium (forming places related to an activity). As a place to pan gold, via Spanish lavadero. Doublet of lavatorium and laver. See also lave.	noun. A vessel or fixture for washing, particularly: A laver: a washbasin. A bathtub. A piscina: the basin used for washing communion vessels. A lavabo: the basin used for washing one 's hands before handling the Eucharist. A baptismal font: the basin used for baptism, used figuratively for the washing away of sins. A plumbing fixture used for washing: a sink.
laziness	From lazy + -ness.	noun. The quality of being lazy
learning	From Middle English lernyng, lernynge, from Old English leornung (“learning, study”), from Proto-West Germanic *liʀnungu (“learning”), equivalent to learn + -ing. Cognate with Old Saxon lernunga, German Lernung.	noun. An act in which something is learned.
lecturer	From lecture + -er.	noun. A person who gives lectures, especially as a profession.
lifetime	From Middle English lyftyme, equivalent to life + time. Cognate with Icelandic líftími (“lifetime”). Compare also Saterland Frisian Lieuwendstied, Dutch leeftijd and levenstijd, German Low German Levenstied, German Lebenszeit, Danish livstid, Swedish livstid.	noun. The duration of the life of someone or something.
lighting	From light + -ing.	noun. The equipment used to provide illumination; the illumination so provided.
likewise	From Middle English lykewise, lykewyse, lyke wyse, lijk wise, a shortened form of Middle English in lik wise (“in like wise”); equivalent to like + -wise. Compare with otherwise.	adverb. In a similar manner.
listener	From listen + -er.	noun. Someone who listens, especially to a speech or a broadcast.
literary	From French littéraire.	adjective. Relating to literature.
literate	Inherited from Middle English litterate, borrowed from Latin lītterātus, līterātus, see -ate (adjective-forming suffix) and -ate (noun-forming suffix). Doublet of literato and literatus. Displaced native Old English stæfwīs.	adjective. Able to read and write; having literacy.
location	Borrowed from Latin locatio, locationis (“a placing”), from locare (“to place, put, set, let”), from locus (“a place”). Equivalent to locate + -ion.	noun. A particular point or place in physical space.
loophole	From Middle English loupe (“opening in a wall”) + hole, from a Germanic source. By surface analysis, loop + hole. Compare Medieval Latin loupa, lobia and Middle Dutch lupen (“to watch”).	noun. A slit in a castle wall; today, any similar window for shooting a ranged weapon or letting in light.
lowering	c. 1600, "descend, sink, grow less or lower" (intransitive), from lower (adj.), comparative of low (adj.). Transitive meaning "let down, cause to descend" attested from 1650s. Related: Lowered; lowering. In the transitive sense "to cause to descend" the older verb was low. From Middle English lahghenn, (c. 1200), which continued in use into the 18c.	verb. present participle and gerund of lower
magazine	From Middle English magasyne, from Middle French magasin (“warehouse, store”), from Italian magazzino (“storehouse”), ultimately from Arabic مَخَازِن pl (maḵāzin), plural of مَخْزَن (maḵzan, “storeroom, storehouse”), noun of place from خَزَنَ (ḵazana, “to store, to stock, to lay up”). First attested in the 1580s.	noun. A nonacademic, periodical publication which consists of articles by multiple writers on some broad topic or theme. A radio or television show where each episode comprises a variety of features or segments, akin to the format of a print magazine.
magnetic	From magnet + -ic.	adjective. Of, relating to, operating by, or caused by magnetism.
maintain	From Middle English mayntenen, from Old French maintenir, from Late Latin manūteneō, manūtenēre (“I support”), from Latin manū (“with/in/by the hand”, ablative of manus) + tenēre (“to hold”).	verb. To keep up; to preserve; to uphold (a state, condition etc.).
majority	From Middle French maiorité, from Medieval Latin maiōritātem, accusative of Latin maiōritās, from Latin maior (“greater”). Morphologically major + -ity.	noun. More than half (50%) of some group.
managing	From man- + saging	verb. present participle and gerund of manage
manpower	From man + power.	noun. The total number of all available workers; the workforce.
manually	From manual + -ly.	adverb. By hand.
marginal	Learned borrowing from Medieval Latin marginālis, equivalent to margin + -al.	adjective. Of, relating to, or located at or near a margin or edge; also figurative usages of location and margin (edge).
marriage	From Middle English mariage, from Old French mariage, from marier (“to marry”), from Latin marītō (“marry”, verb, literally “give in marriage”), from marītus (“lover”, “nuptial”), from mas (“male, masculine, of the male sex”). Equivalent to marry + -age. Doublet of maritage. Displaced native Old English sinsċipe.	noun. The state of being married.
material	From Middle English material, from Late Latin māteriālis, from Latin māteria (“wood, material, substance”), from māter (“mother”). Displaced native Middle English andweorc, andwork (“material, matter”) (from Old English andweorc (“matter, substance, material”)). Doublet of materiel.	adjective. Of, relating to, or consisting of matter, especially physical.
maximize	From Latin maximus + English -ize.	verb. To make as large as possible.
meantime	From Middle English menetime, equivalent to mean + time. Adverb is by ellipsis from in the meantime.	noun. The time spent waiting for another event; time in between.
mechanic	From Middle English mekanyk (“mechanical”), from Old French mecanique, from Latin mechanicus (“of or belonging to machines or mechanics, inventive”), from Ancient Greek μηχανικός (mēkhanikós, “pertaining to machines or contrivance, mechanic, ingenious, inventive”), from μηχανή (mēkhanḗ, “a machine, contrivance”); see machine.	adjective. mechanical; relating to mechanics or the laws of motion in physics
medicine	From Middle English medicin, from Middle French medicine, from Old French medecine, from Latin medicīna (“the healing art, medicine, a physician's shop, a remedy, medicine”), feminine of medicīnus (“of or belonging to physic or surgery, or to a physician or surgeon”), from medicus (“a physician, surgeon”). The extended sense of "Indigenous magic" is a calque of Ojibwe mashkiki (“medicine”) or mide (or cognates in related languages) when used in compounds such as Grand Medicine Society, medicine lodge, medicine dance, medicine bag, medicine wheel, medicine man, Medicine Line, and bad medicine or place names such as Medicine Hat, Medicine Creek, etc. Displaced native Old English lybb (“drug, medicine”).	noun. A substance which specifically promotes healing when ingested or consumed in some way; a pharmaceutical drug.
medieval	From French médiéval (“medieval”), from Latin medium (“middle”) + aevum (“age”).	adjective. Of or relating to the Middle Ages, the period from approximately 500 to 1500 AD.
megabyte	From mega- + byte.	noun. One million (10, or 1,000,000) bytes or 1,000 kilobytes.
mentally	From mental + -ly.	adverb. In a mental manner; an idea thought out in one's mind, as opposed to an idea spoken orally.
metaphor	From Middle French métaphore, from Latin metaphora, from Ancient Greek μεταφορά (metaphorá), from μεταφέρω (metaphérō, “to transfer, apply”), from μετά (metá, “with, across, after”) + φέρω (phérō, “to bear, carry”).	noun. The use of a word, phrase, concept, or set of concepts to refer to something other than its literal meaning, invoking an implicit similarity between the thing described and what is denoted by the word, etc., that is used.
midnight	From Middle English midnight, from Old English midniht, from Proto-Germanic *midjanahts (“midnight”), equivalent to mid- + night. Cognate with Saterland Frisian Midnoacht (“midnight”), Old High German mittinaht (“midnight”), Danish midnat (“midnight”), Swedish midnatt (“midnight”), Icelandic miðnætti (“midnight”). Compare also Saterland Frisian Middernoacht (“midnight”), Dutch middernacht (“midnight”), German Mitternacht (“midnight”).	noun. The middle of the night: the sixth temporal hour, equidistant between sunset and sunrise.
military	From Middle English militari, from Old French militaire, from Latin mīlitāris, from mīles (“soldier”) + -āris (whence -ary). Doublet of militaire.	adjective. Characteristic of members of the armed forces.
mindless	From Middle English myndles, myndelees, myndeles, mendlees, from Old English myndlēas, ġemyndlēas (“foolish, senseless”), equivalent to mind + -less.	adjective. Showing a lack of forethought or sense.
minimize	From Latin minimus + -ize.	verb. To make (something) smaller or as small as possible; shrink; reduce.
minister	From Middle English ministre, from Old French ministre, from Latin minister (“an attendant, servant, assistant, a priest's assistant or other under official”), from minor (“less”) + -ter; see minor. Doublet of Minorite.	noun. A person who is trained to preach, to perform religious ceremonies, and to afford pastoral care at a Protestant church.
minority	From Late Middle English minoritie, from Middle French minorité, and its source Late Latin minōritās, from Latin minor. Morphologically minor + -ity.	noun. The state or condition of being smaller, inferior, or subordinate to something or someone else; lesserness.
misguide	From mis- + guide.	verb. To guide poorly or incorrectly; to lead astray or into error.
misplace	From mis- + place.	verb. To put something somewhere and then forget its location; to mislay.
misprint	From mis- + print.	noun. An accidental mistake in print.
mistaken	Morphologically mistake + -n.	verb. past participle of mistake
mnemonic	Borrowed from Late Latin mnemonicus or its etymon Ancient Greek μνημονῐκός (mnēmonĭkós, “pertaining to memory or remembrance, memorial”) + English -ic (suffix meaning ‘of or pertaining to’ forming adjectives). Mνημονῐκός (Mnēmonĭkós) is derived from μνήμων (mnḗmōn, “mindful, remembering”) + -ῐκός (-ĭkós, suffix meaning ‘of or pertaining to’ forming adjectives); while μνήμων (mnḗmōn) is from μνάομαι (mnáomai, “to be mindful, remember”) (from Proto-Indo-European *men- (“to mind; to think”)) + -μων (-mōn, suffix forming adjectives and agent nouns).	adjective. Especially of a series of ideas, letters, words, etc.: intended to help in remembering.
modeling	From model + -ing.	noun. The art of sculpting models from clay etc. to create a representation of something.
moderate	From Middle English moderat(e) (“moderate, temperate”), borrowed from Latin moderātus, perfect active participle of moderor (“to regulate, to restrain, to moderate”) (see -ate (adjective-forming suffix)), from moder-, modes-, a stem appearing also in modestus (“moderate, discreet, modest”), from modus (“a measure”); see mode and modest. Doublet of moderato. Displaced native Old English ġemetlīċ (“moderate”) and metegian (“to moderate”). Cognate with French modéré.	adjective. Not excessive; acting in moderation.
modified	From modify + -ed.	adjective. changed; altered
molecule	Borrowed from French molécule, from New Latin molecula (“a molecule”), diminutive of Latin moles (“a mass”).	noun. The smallest particle of a specific element or compound that retains the chemical properties of that element or compound; two or more atoms held together by chemical bonds.
momentum	Borrowed from Latin mōmentum. Doublet of moment and movement.	noun. Of a body in motion: the tendency of a body to maintain its inertial motion; the product of its mass and velocity, or the vector sum of the products of its masses and velocities.
monopoly	From Latin monopōlium, from Ancient Greek μονοπώλιον (monopṓlion, “a right of exclusive sale”), from μόνος (mónos, “sole”) + πωλέω (pōléō, “to barter, sell”). By surface analysis, mono- + -poly.	noun. A situation, by legal privilege or other agreement, in which solely one party (company, cartel etc.) exclusively provides a particular product or service, dominating that market and generally exerting powerful control over it.
morality	From Anglo-Norman moralité, Middle French moralité, from Late Latin mōrālitās (“manner, characteristic, character”), from Latin mōrālis (“relating to manners or morals”), from mōs (“manner, custom”). equivalent to moral + -ity.	noun. Recognition of the distinction between good and evil or between right and wrong; respect for and obedience to the rules of right conduct; the mental disposition or characteristic of behaving in a manner intended to produce morally good results.
moreover	Inherited from Middle English moreover, moreovere, morover, mooreover, more-overe, mare over, equivalent to more + over.	adverb. In addition to what has been said.
motivate	From motive + -ate (verb-forming suffix). Compare French motiver.	verb. To provide someone with an incentive to do something; to encourage; to actuate.
motorway	From motor + way.	noun. A highway with grade-separated crossings (rather than level crossings) and designed (and only permitted) for high-speed motor- traffic (in Europe motor vehicles with a higher speed limit than 40 km/h) running in two directions on one separate carriageway each.
mountain	From Middle English mountayne, mountain, montaigne, from Anglo-Norman muntaine, muntaigne, from Early Medieval Latin montānia, a collective based on Latin montem (“mountain”), from Proto-Indo-European *monti (compare Welsh mynydd (“mountain”), Albanian mat (“bank, shore”), Avestan 𐬨𐬀𐬙𐬌 (mati, “promontory”)), from *men- (“to project, stick out”). Displaced native English barrow (from Old English beorg) and down (from Old English dūn), and partially displaced non-native Old English munt, from Latin mōns (whence English mount).	noun. An elevation of land of considerable dimensions rising more or less abruptly, forming a conspicuous figure in the landscape, usually having a small extent of surface at its summit.
mounting	From mount + -ing.	adjective. That continues to mount; steadily rising or accumulating.
movement	From Middle English mevement, from Old French movement (modern French mouvement), from movoir + -ment; cf. also Medieval Latin movimentum, from Latin movere (“move”). Doublet of moment and momentum. In this sense, displaced native Old English styring, which led to Modern English stirring. Morphologically move + -ment.	noun. Physical motion between points in space.
multiple	From French multiple, itself from Late Latin multiplus.	determiner. More than one (followed by plural).
multiply	From Old French multiplier, from Latin multiplicō, from multi (“many”) + plicō (“to fold”). The noun presumably derives from the verb.	verb. To increase the amount, degree or number of (something).
murderer	From Middle English murderere; equivalent to murder + -er.	noun. A person who commits murder.
musician	From Middle English musician, musicien, from Old French musicien (“musician”), equivalent to musike + - ien. By surface analysis, music + -ician.	noun. A composer, conductor, or performer of music; specifically, a person who sings and/or plays a musical instrument as a hobby, occupation, or profession.
mutually	From mutual + -ly.	adverb. In the same way, each to the other; reciprocally.
mythical	From Latin mȳthicus + -al; by surface analysis, myth + -ical.	adjective. Existing in myth.
nameless	From Middle English nameles, equivalent to name + -less. Cognate with Dutch naamloos (“nameless”), German namenlos (“nameless”), Danish navnløs (“nameless”), Swedish namnlös (“nameless”), Icelandic nafnlaus (“nameless, anonymous”).	adjective. Not having a name.
national	From Middle French national, corresponding to nation + -al.	adjective. Pertaining to a nation or country, especially as a whole; affecting, shared by, or existing throughout all of a nation; the state.
needless	From Middle English needlees, nedelees, nedeles, equivalent to need + -less.	adjective. Not needed; unnecessary.
negative	From Middle English negative, negatif, from Old French negatif, from Latin negātīvus (“that denies, negative”), from negāre (“to deny”); see negate.	adjective. Not positive or neutral; bad; undesirable; unfavourable.
newcomer	From Middle English newe-comere, equivalent to new- + comer. Compare Old English nīwcumen (“new comer, neophyte, novice”).	noun. One who has recently come to a community; a recent arrival.
nickname	From Middle English neke name, alteration (due to a rebracketing of an ekename as a nekename) of earlier ekename (“nickname”), from eke (“additional”) + name. Compare Old Norse aukanafn, auknafn, auknefni, Faroese eyknevni, Danish øgenavn, Norwegian Nynorsk aukenamn, Swedish öknamn, and German Low German Ökelname. For other similar cases of incorrect division, see also apron, daffodil, newt, orange, umpire.	noun. A familiar, invented name for a person or thing used instead of the actual name of the person or thing, often based on some noteworthy characteristic.
nominate	The adjective is first attested in 1450, in Middle English, the verb in 1545; partly from Middle English nominat(e) (“named, designated”), from Latin nōminātus, perfect passive participle of nōminō (“to name”) (see -ate (etymology 1, 2 and 3)), from nōmen (“a name”). Participial usage of the adjective up until Early Modern English.	verb. To name someone as a candidate for a particular role or position, including that of an office.
nonsense	From non- (“no, none, lack of”) + sense, from c. 1610. Compare the semantically similar West Frisian ûnsin (“nonsense”), Dutch onzin (“nonsense”), German Unsinn (“nonsense”), English unsense (“nonsense”).	noun. Letters or words, in writing or speech, that have no meaning or pattern or seem to have no meaning.
normally	From normal + -ly.	adverb. Under normal conditions or circumstances; usually; most of the time
northern	From Middle English northerne, from Old English norþerne, from Proto-West Germanic *norþrōnī, from Proto-Germanic *nurþrōnijaz. Cognate with Old High German nordrōni and Old Norse norrœnn. Morphologically north + -ern.	adjective. Of, facing, situated in, or related to the north; northerly.
notation	From Latin notātiō, equivalent to notate + -ion or note + -ation.	noun. The act, process, method, or an instance of representing by a system or set of marks, signs, figures, or characters.
nowadays	From now + adays.	adverb. At the present time; in the current era.
nuisance	From Middle English noysaunce, from Anglo-Norman nusaunce, nussance and Old French nuisance, from nuisir (“to harm”), from Latin nocēre. Doublet of nocence and nocency.	noun. A minor annoyance or inconvenience.
numerous	From Middle English numerous from Latin numerōsus (“numerous, abundant; harmonious”), from numerus (“number”). Doublet of numerose. Analyzeable as numero- + -ous.	determiner. An indefinite large number of.
observer	From observe + -er.	noun. One who makes observations, monitors or takes notice.
obsolete	Borrowed from Latin obsolētus (“worn out, gone out of use”), past participle of obsolēscere (“to wear out, fall into disuse, grow old, decay”); see obsolesce.	adjective. No longer in use or no longer useful; now disused or neglected (often in favour of something newer, better, or more fashionable); outmoded.
obstruct	From Latin past participle stem obstruct- (“blocked up”), from verb obstruere, from ob (“against”) + struere (“pile up, build”).	verb. To block or fill (a passage) with obstacles or an obstacle. block.
occasion	From Middle English occasioun, from Middle French occasion, from Old French occasiun, from Latin occāsiōnem, noun of action from perfect passive participle occāsus, from verb occidō, from prefix ob- (“down", "away”) + verb cadō (“fall”).	noun. A favorable opportunity; a convenient or timely chance.
offender	From Middle English offendour, offender, offendir, equivalent to offend + -er.	noun. One who gives or causes offense, or does something wrong.
offering	From offer + -ing. Displaced native Old English hūsl.	noun. gerund of offer The act by which something is offered. That which has been offered; a sacrifice.
official	From Middle English official, from Old French official, from Latin officiālis, from Latin officium (“duty, service”), by surface analysis, office + -ial.	adjective. Of or about an office or public trust.
omission	From Middle English omissioun, from Old French omission, from Late Latin omissio, omissionem, from Latin omitto.	noun. The act of omitting.
operator	Borrowed from Latin operātor, from operor (“work, labour”). Equivalent to operate + -or.	noun. A person or organisation that operates a device, system, service, etc.
opponent	Borrowed from Latin oppōnēns (“opposing”), present active participle of oppōnō (“to oppose”).	noun. One who opposes another; one who works or takes a position against someone or something; one who attempts to stop the progress of someone or something.
opposite	Inherited from Middle English opposit, borrowed from Old French oposite, from Latin oppositus, perfect passive participle of oppōnō (“to oppose”). Compare oppose.	adjective. Located directly across from something else, or from each other.
optimize	Back-formation from optimist. First attested in 1844.	verb. To act optimistically or as an optimist.
optional	From option + -al.	adjective. Not compulsory; left to personal choice; elective.
ordinary	From Anglo-Norman ordenarie, ordenaire et al., Middle French ordinaire, and their source, Medieval Latin ordinarius, noun use of Latin ōrdinārius (“regular, orderly”), from ōrdō (“order”).	noun. A person with authority; authority, ordinance. A person having immediate jurisdiction in a given case of ecclesiastical law, such as the bishop within a diocese. A courier; someone delivering mail or post. A judge with the authority to deal with cases himself or herself rather than by delegation. The chaplain of Newgate prison, who prepared condemned prisoners for death.
organize	From Middle English organizen, organysen, partly from Middle French organiser and partly from its etymon, Medieval Latin organizō, from Latin organum (“organ”). By surface analysis, organ + -ize.	verb. To arrange in working order.
original	From Middle English original, from Old French original, from Late Latin orīginālis (“primitive, original”), from Latin orīgō (“beginning, source, origin”), equivalent to origin + -al; see origin.	adjective. Relating to the origin or beginning; preceding all others.
orthodox	From Late Middle English orthodoxe, from Middle French orthodoxe and its etymon Late Latin orthodoxus, from Ancient Greek ὀρθόδοξος (orthódoxos), from ὀρθός (orthós, “straight”) + δόξα (dóxa, “opinion”). Displaced native Old English wuldorlīċ.	adjective. Conforming to the accepted, established, or traditional doctrines of a given faith, religion, or ideology.
outdated	From outdate + -ed.	adjective. Out of date, old-fashioned, antiquated.
outgoing	From outgo + -ing, out + going.	adjective. Extroverted: talkative, friendly, and social, especially with respect to meeting new people easily and comfortably; outgiving.
outright	From Middle English outright. By surface analysis, out + right.	adverb. Wholly; completely; entirely.
outweigh	From out- + weigh.	verb. To exceed in weight or mass.
overcome	Inherited from Middle English overcomen, inherited from Old English ofercuman (“to overcome, subdue, compel, conquer, obtain, attain, reach, overtake”). By surface analysis, over- + come. Cognate with Dutch overkomen, German überkommen, Danish overkomme, Swedish överkomma.	verb. To surmount (a physical or abstract obstacle); to prevail over, to get the better of.
overflow	From Middle English overflowen, from Old English oferflōwan, equivalent to over- + flow.	noun. The spillage resultant from overflowing.
overhead	From Middle English owerheved, over-hed, over hede (adverb), from Old English oferhēafod (adverb), equivalent to over- + head. Compare German Low German overhoopt, överhoopt, German überhaupt. Piecewise doublet of overchief.	adjective. Located above, especially over the head.
overload	From over- + load.	verb. To load excessively.
overlong	From over- + long.	adjective. Too long; overly long.
overlook	Inherited from Middle English overloken. From Middle English overloken; equivalent to over- + look.	noun. A vista or point that gives a view down toward something else.
override	From Middle English overriden, from Old English oferrīdan, equivalent to over- + ride. Cognate with Dutch overrijden, German überreiten, Danish override.	verb. To ride across or beyond something.
overseas	From earlier oversea, equivalent to oversea + -s. Compare West Frisian oerseesk, Dutch overzees, German Übersee, Danish oversøisk.	adjective. Abroad, especially across the sea.
overtime	From over- + time.	noun. Working time outside of one's regular hours.
overtone	From over- + tone, calque of German Oberton.	noun. A tone whose frequency is an integer multiple of another; a member of the harmonic series.
overview	From over- + view.	noun. A brief summary, as of a book or a presentation.
pacifier	From pacify + -er.	noun. Someone or something that pacifies.
painless	From Middle English paynles, peynlees, equivalent to pain + -less. Compare West Frisian pynleas (“painless”), Dutch pijnloos (“painless”).	adjective. Free from pain; without pain or trouble.
painting	By surface analysis, paint + -ing.	noun. An illustration or artwork done with the use of paint.
paradise	From Middle English paradis, paradise, paradys, from Late Old English paradīs, borrowed from Old French paradis, from Latin paradīsus, from Ancient Greek παράδεισος (parádeisos), ultimately from Proto-Iranian *paridayjah. Doublet of parvis. Displaced Old English neorxnawang.	noun. The place where sanctified souls are believed to live after death.
parallel	From Middle French parallèle and its etymon Latin parallēlus, parallēlos. The verb is from the noun. See also para- and allo-.	adjective. Equally distant from one another at all points.
paranoia	Learned borrowing from Ancient Greek παράνοια (paránoia, “madness”), from παράνοος (paránoos, “demented”), from παρά (pará, “beyond, beside”) + νόος (nóos, “mind, spirit”). By surface analysis, para- (“abnormal, beyond”) + nous (“mind”) + -ia (“(medical) condition”).	noun. A psychotic disorder, now called delusional disorder, often (in one of six subtypes) characterized by delusions of persecution and a perceived threat against the individual affected with the disorder, and often associated with false accusations and a general mistrust of others.
paranoid	From paranoia + -oid.	adjective. Of, related to, or suffering from clinical paranoia.
particle	From Middle French particule, and its source, Latin particula (“small part, particle”), diminutive of pars (“part, piece”). Semantically displaced native Old English grot whence modern English groat.	noun. A very small piece of matter, a fragment; especially, the smallest possible part of something.
passport	From French passeport, from passer (“pass”) + port (“port”). Compare portpass. Equivalent to pass + port.	noun. An official document normally used for international journeys, which proves the identity and nationality of the person for whom it was issued.
password	From pass + word. The sentry-passing sense predates the cryptographic sense and was its inspiration.	noun. A word relayed to a person to gain admittance to a place or to gain access to information.
pathetic	From Middle French pathétique, from Latin patheticus, from Ancient Greek παθητικός (pathētikós, “subject to feeling, capable of feeling, impassioned”), from παθητός (pathētós, “one who has suffered, subject to suffering”), from πάσχω (páskhō, “to suffer”). By surface analysis, path- + -etic.	adjective. Arousing pity, sympathy, or compassion; exciting pathos.
patience	Inherited from Middle English pacience, from Old French pacience (modern French patience), from Latin patientia (“suffering; endurance, patience”), from patiens, present active participle of patior (“suffer, experience, wait”), ultimately from Proto-Indo-European *peh₁- (“to hurt”). Displaced Old English ġeþyld.	noun. The quality of being patient.
pavement	From Middle English pament, from Anglo-Norman pavement and reinforced by Middle French pavement; both from Latin pavīmentum (“paved surface or floor”), from pavīre (“to beat, to ram, to tread down”). Morphologically pave + -ment.	noun. A paved surface; a hard covering on the ground.
peaceful	From Middle English peesful, pesful, paisful, pesefull. By surface analysis, peace + -ful. Displaced native Old English friþsum.	adjective. Not at war; not disturbed by strife or turmoil.
peculiar	From Latin pecūliāris (“one's own”), from pecūlium (“private property”), from pecus (“cattle”).	adjective. Out of the ordinary; odd; strange; unusual.
pedantic	From pedant + -ic.	adjective. Being overly concerned with formal rules and trivial points of learning, like a pedant.
pedantry	From Italian pedanteria, equivalent to pedant + -ry. Compare also French pédanterie.	noun. An excessive attention to detail or rules. An instance of such behaviour.
perceive	From Middle English perceyven, borrowed from Old French percevoir, perceveir, from Latin percipiō, past participle perceptus (“take hold of, obtain, receive, observe”), from per (“by, through”) + capiō (“to take”); see capable. Compare conceive, deceive, receive.	verb. To become aware of, through the physical senses, to see; to understand.
periodic	From French périodique, from Medieval Latin periodicus (“cyclical”), from Latin periodus (“complete sentence, period, circuit”), from Ancient Greek περίοδος (períodos, “cycle, period of time”). By surface analysis, period + -ic.	adjective. Relative to a period or periods.
personal	From Middle English personal, personele, from Anglo-Norman personel, personal, personell, Old French personal, personel, from Late Latin persōnālis (“of a person, personly”), equivalent to person + -al. Doublet of personnel.	adjective. Pertaining to persons (human beings as opposed to things or animals).
persuade	From Latin persuādeō (“to persuade”). Cognate to for, sweet.	verb. To successfully convince (someone) to agree to, accept, or do something, usually through reasoning and verbal influence.
perverse	From Middle English perverse, pervers, from Old French pervers, from Latin perversum (“thoroughly turned”), past participle of pervertere, from per- (“thoroughly”) + vertere (“to turn”).	adjective. Turned aside while against something, splitting off from a thing.
pharmacy	From Middle English pharmacy, borrowed from Middle French pharmacie (“the art of creating drugs; a drug, especially a laxative”), from Old French farmacie, from Medieval Latin pharmacia, from Ancient Greek φαρμακεία (pharmakeía, “the use of drugs”), from φάρμακον (phármakon, “a drug, charm, enchantment”), of uncertain but likely Pre-Greek origin. Attested since late 14th century.	noun. A place where prescription drugs are sold or dispensed.
physical	Borrowed from Late Latin physicālis, from Latin physica (“study of nature”), from Ancient Greek φυσική (phusikḗ), feminine singular of φυσικός (phusikós, “natural; physical”), from φύσις (phúsis, “origin, birth; nature, quality; form, shape; type, kind”), from φῠ́ω (phŭ́ō, “grow”), ultimately from Proto-Indo-European *bʰuH- (“to appear, become, rise up”).	adjective. Of medicine. Pertaining to the field of medicine; medical. That practises medicine; pertaining to doctors, physicianly. Medicinal; good for the health, curative, therapeutic.
pipeline	From pipe + line.	noun. A conduit made of pipes used to convey water, gas or petroleum, etc.
platform	From Middle French plateforme (“a flat form”), from plate (“flat”) (from Old French plat, from Ancient Greek πλατύς (platús, “flat”)) + forme (“form”) (from Latin fōrma (“shape; figure; form”)); compare flatscape.	noun. A raised stage from which speeches are made and on which musical and other performances are made.
pleasant	From Middle English plesaunte, from Old French plaisant. By surface analysis, please + -ant. Related to Dutch plezant (“full of fun or pleasure”). Partly displaced Old English wynsum, which became Modern English winsome.	adjective. Giving pleasure; pleasing in manner.
pleasing	From Middle English plesynge, pleizinge, plesende (present participle), equivalent to please + -ing.	adjective. Agreeable; giving pleasure, cheer, enjoyment or gratification.
pleasure	From Early Modern English pleasur, plesur, alteration (with ending accommodated to -ure) of Middle English plaisir (“pleasure”), from Old French plesir, plaisir (“to please”), infinitive used as a noun, conjugated form of plaisir or plaire, from Latin placeō (“to please, to seem good”), from the Proto-Indo-European * pleh₂-k - (“wide and flat”). Related to Dutch plezier (“pleasure, fun”). More at please.	noun. A state of being pleased or contented; gratification.
pointing	From point + -ing.	noun. The action of the verb to point.
politics	From the adjective politic, by analogy with Aristotle’s τά πολῑτῐκᾱ́ (tá polītĭkā́, “affairs of state”).	noun. A methodology and activities associated with the interpersonal aspects of running a government, an organization, or a movement.
populace	Borrowed from Middle French populace, from Italian popolaccio, from popolo + -accio (“pejorative suffix”), from Latin populus.	noun. The common people of a nation.
populate	Borrowed from Medieval Latin populātus, past participle of populor (“populate”), from Latin populus (“people”).	verb. To supply with inhabitants; to people.
portable	From Middle English portable, from Middle French portable and Latin portābilis. By surface analysis, port (“to carry”) + -able.	adjective. Able to be carried or easily moved.
position	From Middle English posicioun, from Old French posicion, from Latin positiō (“a putting, position”), from positus (“placed, situated”), past participle of pōnō (“to place”); see ponent. Compare apposition, composition, deposition; see pose.	noun. A place or location.
positive	From Old French positif, from Latin positivus, from the past participle stem of ponere (“to place”). Compare posit.	adjective. Included, present, characterized by affirmation.
possible	From Middle English possible, from Old French possible, from Latin possibilis (“possible”), from posse, possum (“to be able”); see power. Displaced Middle English acumendlic (“possible”), from Old English ācumendlīċ (“possible”). Compare also Old English mihtelīċ (“strong, capable, powerful, possible”), which was cognate with Old High German mahtlīh (“possible”) and Old Norse máttulígr (“mighty, possible”). Compare also Dutch mogelijk (“possible”) and German möglich (“possible”).	adjective. Able but not certain to happen; neither inevitable nor impossible.
possibly	From possible + -ly.	adverb. Perhaps; indicates that the proposition may be true (is not certainly false) regardless of any facts or circumstances known to, stated by or implied by the speaker.
postcard	From post + card.	noun. A rectangular piece of thick paper or thin cardboard, typically used for sending messages by mail without the need for an envelope.
postpone	From Latin postpōnō (“to put after; to postpone”) from post (“after”) + pōnō (“to put; to place”), compare forestall.	verb. To delay or put off an event, appointment, etc.
powerful	From Middle English pouerful, powarfull. By surface analysis, power + -ful.	adjective. Having, or capable of exerting, power or influence.
practice	The noun is from Middle English practice, practique, practyse, from the verb; also compare Medieval Latin prāctica.. Displaced native Old English sidu. The verb is from Middle English practice, practise, practize, practyse, from Middle French pratiser, practiser, alteration of practiquer, from Medieval Latin prācticāre, from Late Latin prācticus, from Ancient Greek πρακτικός (praktikós). The spelling practice is attested once in Middle English for both the noun and the verb. The noun began to be assimilated in spelling to nouns in -ice; practise (noun) is now obsolete.	noun. Repetition of an activity to improve a skill.
precious	Inherited from Middle English precious, borrowed from Old French precios (“valuable, costly, precious, beloved, also affected, finical”), from Latin pretiōsus (“of great value, costly, dear, precious”), from pretium (“value, price”); see price.	adjective. Of high value or worth.
pregnant	From Middle English preignant, from Old French preignant, pregnant, also prenant (compare archaic Modern French prégnant), and their source, Latin praegnāns (“pregnant”), probably from prae- (“pre-”) + *gnāscī, an archaic form of nāscī (“to be born”). Displaced Old English bearnēacen (literally "child-enlarged").	adjective. Carrying developing offspring within the body.
premises	See premise	noun. plural of premise
prepared	From prepare + -ed.	adjective. Disposed, willing, ready (to do something).
presence	Through Old French presence, from Latin praesentia (“a being present”), from praesentem. Displaced native Old English andweardnes.	noun. The fact or condition of being present, or of being within sight or call, or at hand.
preserve	From Middle English preserven, from Old French preserver, from Medieval Latin prēservāre (“keep, preserve”), from Late Latin praeservāre (“guard beforehand”), from prae (“before”, adverb) + servāre (“maintain, keep”). Displaced native Old English nerian.	noun. A sweet spread made of any of a variety of fruits.
pressing	Pseudo-anglicism, derived from pressing.	adjective. Needing urgent attention.
pressure	From Latin pressūra.	noun. A pressing; a force applied to a surface.
previous	From Latin praevius.	adjective. Prior; occurring before something else, either in time or order.
printing	By surface analysis, print + -ing.	noun. The process or business of producing printed material by means of inked type and a printing press or similar technology.
printout	Deverbal from print out.	noun. Something printed on paper, usually a copy generated by a printer (machine).
priority	From Old French priorite, from Latin priōritās. Surface analysis: prior + -ity.	noun. An item's relative importance.
prisoner	From Middle English prisoner, from Old French prisonier (compare Medieval Latin prisōnārius), equivalent to prison + -er.	noun. A person incarcerated in a prison, while on trial or serving a sentence.
probable	From Middle English probable, from Old French probable, from Latin probābilis (“that may be proved, credible”), from probāre (“to test, examine”); see probe, probity, prove. Compare recent doublet provable.	adjective. Likely or most likely to be true.
probably	From Middle English probably, probabily, equivalent to probable + -ly.	adverb. In all likelihood.
proclaim	From Middle English proclamen, proclaime, from Old French proclamer, from Latin prōclāmō, prōclāmāre, from prō- (“forth”) + clāmō (“to shout, cry out”). Spelling altered by influence of claim, from the same Latin source (clāmō).	verb. To announce or declare.
producer	From produce + -er.	noun. An individual or organization that creates goods and services.
profound	From Middle English profound, profounde, from Anglo-Norman profound, from Old French profont, profonde, from Latin profundus (“deep, profound”), from prō + fundus (“bottom; foundation”).	adjective. Descending far below the surface; opening or reaching to great depth; deep.
progress	From Middle English progresse, from Old French progres (“a going forward”), from Latin prōgressus (“an advance”), from the participle stem of prōgredī (“to go forward, advance, develop”), from pro- (“forth, before”) + gradi (“to walk, go”). Displaced native Old English forþgang.	noun. Movement or advancement through a series of events, or points in time; development through time.
prohibit	From Middle English prohibiten, from Latin prohibeō (“to fend off, prevent, prohibit”) (through past participle prohibitus).	verb. To forbid, disallow, or proscribe officially; to make illegal or illicit.
promptly	From prompt + -ly.	adverb. In a prompt manner. Both soon and quickly. Exactly at a specific time.
properly	From proper + -ly.	adverb. In a proper manner, appropriately, suitably; correctly, justifiably
property	From Middle English propertee, properte, propirte, proprete, borrowed from Anglo-Norman and Old French propreté, proprieté (“propriety, fitness, property”), from Latin proprietās (“a peculiarity, one's peculiar nature or quality, right or fact of possession, property”), from proprius (“special, particular, one's own”). Equivalent to proper + -ty. Doublet of propriety.	noun. Something that is owned.
proposal	From propose + -al.	noun. Something which is proposed, or offered for consideration or acceptance.
prospect	From Middle English prospecte, from Latin prōspectus (“view, sight, prospect; panorama”), from prōspiciō (“to look forward”) + -tus (suffix forming action nouns), from pro (“before, forward”) + speciō, spiciō (“to look, to see”). By surface analysis, pro- + -spect. Doublet of prospectus and prospekt. The verb is from the noun.	noun. The region which the eye overlooks at one time; a view; a scene; an outlook.
protocol	Borrowed from Middle French protocolle, protocole (“document, record”), from Late Latin protocollum (“the first sheet of a volume (on which contents and errata were written)”), from Byzantine Greek πρωτόκολλον (prōtókollon, “first sheet glued onto a manuscript”), from πρῶτος (prôtos, “first”) + κόλλα (kólla, “glue”).	noun. The minutes, or official record, of a negotiation or transaction; especially a document drawn up officially which forms the legal basis for subsequent agreements based on it.
publicly	From public + -ly.	adverb. In public, openly, in an open and public manner.
punching	From punch + -ing.	noun. gerund of punch An incident in which someone is punched. The process of making holes in something (for example, a leather belt or a rail ticket).
puncture	Borrowed from Late Latin punctūra.	noun. The act or an instance of puncturing.
purchase	From Middle English purchasen, from Anglo-Norman purchacer (“seek to obtain”) from pur- (from Latin pro-) + chac(i)er (“to chase, pursue”). Compare Old French porchacier (“to follow, to chase”), which has given French pourchasser (“to chase without relent”).	noun. The acquisition of title to, or property in, anything for a price; buying for money or its equivalent.
quantity	From Middle English quantite, from Old French quantité, from Latin quantitās (“quantity”), from quantus (“how much”).	noun. A fundamental, generic term used when referring to the measurement (count, amount) of a scalar, vector, number of items or to some other way of denominating the value of a collection or group of items.
question	From Middle English questioun, from Anglo-Norman questiun, from Old French question, from Latin quaestiōnem, accusative of quaestiō (“a seeking, investigation, inquiry, question”), from quaerere (“to seek, ask, inquire”), of uncertain origin, but possibly from Proto-Italic *kʷaizeō, from Proto-Indo-European *kʷeh₂- (“to acquire”). Doublet of quest. Partially displaced native Old English āscung, whence asking. Compare also Middle Low German quēstie (“questioning; inquiry”), Middle High German questje (“question”).	noun. A worded or expressed sentence, phrase, or only a word on its own, which asks for information, a reply, or a response; an interrogative.
railroad	From rail + road.	noun. A permanent track consisting of fixed metal rails to drive trains or similar motorized vehicles on.
randomly	From random + -ly.	adverb. In a random manner.
rational	From Old French rationel, rational, from Latin rationalis (“of or belonging to reason, rational, reasonable; having a ratio”), from ratio (“reason; calculation”).	adjective. Capable of reasoning.
reaching	From Middle English reching, rechyng, recchinge, rechand, from Old English *rǣċende and reċċende (“reaching”), from Proto-Germanic *raikijandz, present participle of *raikijaną (“to stretch, reach”) and Proto-Germanic *rakjandz, present participle of *rakjaną (“to stretch, straighten”). Equivalent to reach + -ing.	verb. present participle and gerund of reach
reaction	Inherited from Middle English reaccion, from Old French reaction, from Latin reāctiō, from the verb reagō, from re- (“again”) + agō (“to act”); more at re-, action; equivalent to react + -ion.	noun. An action or statement in response to a stimulus or other event.
readable	From read + -able.	adjective. Legible, possible to read or at least decipher.
reassure	From Old French rasseürer (French rassurer), from re- + asseürer; as if re- + assure.	verb. To assure anew; to restore confidence to; to free from fear or self-doubt.
receiver	Inherited from Middle English receyvour, from Anglo-Norman receverre, receivour et al., later also reformed as receive + -er. Compare recevor, rescaivour.	noun. A person who receives. An official whose job is to receive taxes or other monies; a tax collector, a treasurer. A person who receives something in a general sense; a recipient. A person who accepts stolen goods. A person or company appointed to settle the affairs of an insolvent entity.
recently	From recent + -ly.	adverb. In the recent past
reckless	From Middle English rekles, reckeles, rekkeles, (also recheles), from Old English rēcelēas (“reckless, careless, negligent”), equivalent to reck + -less. Cognate with West Frisian roekeleas (“reckless”), Dutch roekeloos (“reckless”), German Low German ruuklos (“careless”), German ruchlos (“careless, notorious”).	adjective. Careless or heedless; headstrong or rash.
recorder	From Middle English recordour, borrowed from Old French recordour, from Old French recordeor, from Medieval Latin recordātor, from Latin recordor (“call to mind, remember, recollect”), from re- (“back, again”) + cor (“heart; mind”). By surface analysis, record + -er.	noun. An apparatus for recording; a device which records.
recovery	From recover + -y, from Middle English recoveree, from Old French recovree, from recovrer (“recover”).	noun. The act or process of regaining or repossession of something lost. A clever verbal solution to an embarrassing verbal mistake.
redefine	From re- + define.	verb. To define again or differently. To give a new or different definition to (a word). To define a previously defined area of storage etc. in a different manner, e.g. changing it from textual to numeric.
redirect	From re- + direct.	verb. To give new direction to; to change the course, direction or destination of.
reformat	From re- + format.	verb. To format anew or again, generally erasing a previous format.
regarded	See the etymology of the corresponding lemma form.	verb. simple past and past participle of regard
regional	From Middle French régional, from Latin regiōnālis.	adjective. Of, or pertaining to, a specific region or district.
register	From Medieval Latin registrum, from Late Latin regesta (“list, items recorded”), from Latin regerō (“to record, to carry back”), from re- + gerō (“to carry, bear”). Compare Latin registoria (“a treasurer”). Some senses influenced by association with unrelated Latin regō (“to rule”).	noun. A formal recording of names, events, transactions, etc.
relation	From Middle English relacion, relacioun, from Anglo-Norman relacioun and Old French relacion (whence French relation), from Latin relātiō, noun of process form from perfect passive participle relātus (“related”), from verb referō (“to refer, to relate”), from prefix re- (“again”) + ferō (“to bear, to carry”). By surface analysis, relate + -ion. Doublet of relazione.	noun. The manner in which two things may be associated.
relative	From Middle French relatif, from Late Latin relātīvus, from Latin relātus, perfect passive participle of referō (“to carry back, to ascribe”), from re- (“again”) + ferō (“to bear or carry”). By surface analysis, relate + -ive.	adjective. Connected to or depending on something else; comparative.
relevant	From Scots relevant meaning "legally pertinent," used in Scottish legal circles starting in the early 1500s, and first used in English in the 1700s. Borrowed from Latin relevāns, relevāntem, present active participle of relevō (“lift up again, lighten, relieve”), from re- (“again”) + levō (“lift”).	adjective. Related, connected, or pertinent to a topic. Directly related, connected, or pertinent, with important ramifications or implications.
reliable	From rely + -able.	adjective. Suitable or fit to be relied on; worthy of dependence, reliance or trust; dependable, trustworthy
reliably	From reliable + -ly.	adverb. In a reliable manner.
religion	From Middle English religioun, from Old French religion, from Latin religiō (“scrupulousness, pious misgivings, superstition, conscientiousness, sanctity, an object of veneration, cult-observance, reverence”). Most likely from the Proto-Indo-European *h₂leg- with the meanings preserved in Latin dīligere and legere (“to read repeatedly”, “to have something solely in mind”). Displaced Old English ǣfæstnes (“religion, lawfulness”).	noun. Belief in a spiritual or metaphysical reality (often including at least one deity), accompanied by practices or rituals pertaining to the belief.
remember	From Middle English remembren, from Old French remembrer (“to remember”), from Late Latin rememorari (“to remember again”), from re- + memor (“mindful”), from Proto-Indo-European *mer-, *(s)mer- (“to think about, be mindful, remember”). Cognate with Old English mimorian, mymerian (“to remember, commemorate”), Old English māmorian (“to deliberate, plan out, design”). More at mimmer and mammer. Compare also dialectical English umbethink. The success of the Old French word was helped by its proximity in sound and meaning to an existing Germanic word: Old English mimorian, mymerian (“to remember, commemorate”) from Proto-Germanic *mimrōną, *mīmrōną (“to remember, be mindful”), from the same Indo-European source, and is akin to Saterland Frisian miemerje (“to ponder, reflect”), Middle Low German mimeren (“to ponder, meditate”), Middle Dutch mimeren (“to reflect, think to oneself”) (Dutch mijmeren (“to muse, reflect deeply”)), Old English ġemimor (“mindful”), Old Norse Mímir, Mim (“Norse god of memory”), Old English māmrian (“to think out, design”). Related to mourn. Displaced native Middle English ȝemuneȝen (“to remember”), from Old English ġemynegian (“to remember, remind”); Middle English minnen (“to remember, have in mind”), from Old Norse minna (“to remind”); Middle English munden, ȝemunden (“to bear in mind, remember”), from Old English ġemynd (“memory, remembrance”); Middle English ithenchen, ȝethenchen (“to think on, remember”), from Old English ġeþencan; Middle English manien (“to remind, mention, remember”), from Old English manian (“to admonish, remind, mention”).	verb. To recall from one's memory; to have an image in one's memory.
reminder	From remind + -er.	noun. Someone or something that reminds.
remotely	From remote + -ly.	adverb. At a distance, far away.
rephrase	From re- + phrase.	verb. To say or write something with different wording.
reporter	From Middle English reportour, from Old French reporteur; equivalent to report + -er.	noun. Someone or something that reports.
research	Early Modern French rechercher (“to examine closely”), from Old French recerchier (“to seek, to look for”), by surface analysis, re- + search.	noun. Diligent inquiry or examination to seek or revise facts, principles, theories, applications, etc. (that are currently available, or that are familiar to one's self).
resemble	From Middle English resemblen, from Anglo-Norman resembler, ressembler, from re- + sembler (“to seem”). By surface analysis, re- + semble.	verb. To be like or similar to (something); to represent as similar.
resident	From Middle English resident, from Anglo-Norman resident, from Latin residēns, present participle of resideō (“to remain behind, reside, dwell”), equivalent to reside + -ent, from re- (“back”) + sedeō (“to sit”). Doublet of resiant and rezident. The espionage sense is a semantic loan from Russian резиде́нт (rezidént). (physician): So called because in the 19th century they resided in the hospital dormitories.	noun. A person, animal or plant living at a certain location or in a certain area.
resource	Borrowed from Middle French ressource, from Old French resourse, resource (“a source, spring”), from resourdre, from Latin resurgō (“to rise again, spring up anew”). Equivalent to re- + source. See resourd, resurgent, source.	noun. Something that one uses to achieve an objective, e.g. raw materials or personnel.
response	From Middle English respounse, respons, from Old French respons, respuns, responce, ultimately from the Latin respōnsum, a nominal use of the neuter form of respōnsus, the perfect passive participle of respondeō, from re (“again”) + spondeō (“promise”). Doublet of responsum.	noun. An answer or reply, or something in the nature of an answer or reply.
restrain	From Middle English restreinen, from Old French restreindre, from Latin rēstringere (“fasten, tighten”).	verb. To control or keep in check.
restrict	Borrowed from Latin restrictus, perfect passive participle of restringō (“draw back tightly; restrain, restrict”), from re- (“back, again”) + stringō (“press, tighten, compress”). Doublet of ristretto as an adjective.	verb. To restrain within boundaries; to limit; to confine
retrieve	Recorded in Middle English c. 1410 as retreve (altered to retrive in the 16th century; modern form is from c. 1650), from Middle French retruev-, stem of Old French retrover (“to find again”, modern retrouver), itself from re- (“again”) + trover (“to find”), probably from Vulgar Latin *tropāre (“to compose”).	verb. To regain or get back something.
revision	Borrowed from French révision, from Latin revīsiō.	noun. The process of revising: The action or process of reviewing, editing and amending. The action or process of reviewing something previously learned, especially one′s notes in preparation for a test or examination.
rigorous	Inherited from Middle English rigorous, from Middle French and Anglo-Norman rigoreus, derived from Late Latin rigōrōsus (stiff, rigid; inflexible). By surface analysis, rigor + -ous.	adjective. Showing, causing, or favoring rigour / rigor; scrupulously accurate or strict; thorough.
romantic	From romant + -ic, or borrowed from Late Latin romanticus (“(of a poem) having qualities of a romance”). Compare French romantique, which is borrowed from English. Also compare Spanish romántico, Portuguese romântico, Italian romantico, Dutch romantisch, and German romantisch and Romantiker (“a composer of Romantic music”), all of which are borrowed from English or French.	adjective. Of a work of literature, a writer etc.: being like or having the characteristics of a romance, or poetic tale of a mythic or quasi-historical time; fantastic.
rotation	Borrowed from Latin rotātiō. By surface analysis, rotate + -ion.	noun. The act of turning around a centre or an axis.
rounding	By surface analysis, round + -ing.	adjective. Round or nearly round; becoming round; roundish.
sabotage	Unadapted borrowing from French sabotage.	noun. A deliberate action aimed at weakening someone (or something, a nation, etc) or preventing them from being successful, through subversion, obstruction, disruption, and/or destruction.
salesman	From sales + -man.	noun. A man whose job it is to sell things, either in a shop / store or elsewhere.
sandwich	Named after its supposed inventor, the Earl of Sandwich (see Sandwich).	noun. A dish or foodstuff where at least one piece, but typically two or more pieces, of bread serves as the wrapper or container of some other food.
scarcely	From Middle English scarcely, scarsly, scarsely, scarsliche, scarseliche, equivalent to scarce + -ly.	adverb. Probably not.
scenario	Borrowed from Italian scenario, from scena + -ario.	noun. An outline or model of an expected or supposed sequence of events.
schedule	Inherited from Middle English cedule, from Middle French cedule (whence French cédule), from Old French cedule, from Late Latin schedula (“papyrus strip”), diminutive of Latin scheda, from Ancient Greek σχέδη (skhédē, “papyrus leaf”), from Proto-Hellenic *skʰíďďō, from Proto-Indo-European *skid-yé-ti, from *skeyd- (“to divide, split”). Doublet of cedula and cedule. This word was historically pronounced /ˈsɛdjuːl/, /ˈsɛdʒuːl/; the pronunciations with /ʃ/ and /sk/ are due to the spelling (the latter may have been reinforced by learned influence); compare schism.	noun. A procedural plan, usually but not necessarily tabular in nature, indicating a sequence of operations and the planned times at which those operations are to occur.
secondly	From second + -ly.	adverb. In the second place.
secretly	From secret + -ly.	adverb. In secret, covertly.
security	From secure + -ity, from Middle English securite, from Middle French securité (modern sécurité), from Latin sēcūritās, from Latin sēcūrus (“safe, secure”), from sē- (“without”) + cūra (“care”); see cure. Similar to Latin sine cūrā (“without care, carefree”), which led to English sinecure. Doublet of surety.	noun. The condition of not being threatened, especially physically, psychologically, emotionally, or financially.
semantic	Borrowed from Ancient Greek σημαντικός (sēmantikós). Compare French sémantique.	adjective. Of or relating to semantics or the meanings of words.
sensible	From Latin sēnsibilis (“perceptible by the senses, having feeling, sensible”), from sentiō (“to feel, perceive”).	adjective. Acting with or showing good sense; able to make good judgements based on reason or wisdom, or reflecting such ability.
sensibly	From sensible + -ly.	adverb. In a sensible manner; in a way that shows good sense.
sentence	Borrowed from Middle French sentence, from Latin sententia (“way of thinking, opinion, sentiment”), from sentiēns, present participle of sentiō (“to feel, think”), ultimately from Proto-Indo-European *sent- (“to feel”).	noun. The decision or judgement of a jury or court; a verdict.
sentient	From Latin sentiēns (“feeling, perceiving”), present active participle of sentiō.	adjective. Experiencing sensation, thought, or feeling.
separate	From Middle English separaten (“to separate”), from separat (“separated”) + -en, from Latin sēparātus, perfect passive participle of sēparō (“to separate”) (see -ate (verb-forming suffix)), from sē- (“apart”) + parō (“prepare”), ultimately from Proto-Indo-European *per- (“produce, procure, bring forward, bring forth”). Displaced Middle English scheden, from Old English scēadan (whence English shed). Doublet of sever, also derived from the same Latin verb.	verb. To divide (a thing) into separate parts.
sequence	From Middle English sequence, from Old French sequence (“a sequence of cards, answering verses”), from Late Latin sequentia (“a following”), from Latin sequēns (“following”), from sequī (“to follow”); see sequent.	noun. A set of things next to each other in a set order; a series.
severely	From severe + -ly.	adverb. In a severe manner; with severity.
severity	From Middle English severity, from Middle French severite (modern French sévérité), from Latin sevēritās. By surface analysis, severe + -ity.	noun. The state of being severe.
shipping	From Middle English schipping, schyppynge, from schippen, schipen (“to take ship, navigate”), from Old English scipian (“to take ship; put in order, equip, man a ship”), equivalent to ship + -ing.	noun. The transportation of goods.
shocking	From shock + -ing.	adjective. Inspiring shock; startling.
shooting	From Middle English shoting, schoting, from Old English scotung (“shooting”), from Proto-Germanic *skutungō, equivalent to shoot + -ing. Cognate with Dutch schieting, German Erschießung (“shooting”), Swedish skjutning (“shooting”).	adjective. Moving or growing quickly
shopping	By surface analysis, shop + -ing.	verb. present participle and gerund of shop
shortage	From short + -age.	noun. A lack or deficiency; an insufficient amount.
shoulder	From Middle English schuldre, sholder, shulder, schulder, from Old English sċuldra, sċuldor (“shoulder”), from Proto-West Germanic *skuldru (“shoulder”), of uncertain origin. Perhaps related to Proto-Germanic *skelduz (“shield”), see shield. Cognate with Old Frisian skuldere (“shoulder”) (West Frisian skouder (“shoulder”)), Middle Low German scholder (“shoulder”), Low German Schuller, Schulder (“shoulder”), Dutch schouder (“shoulder”), German Schulter (“shoulder”).	noun. The part of an animal's body between the base of the neck and arm socket. The part of the human torso forming a relatively horizontal surface running away from the neck.
shutdown	Deverbal from shut down.	noun. The action of stopping operations; a closing, of a computer, business, event, etc.
sideways	From side + -ways.	adjective. Moving or directed toward one side.
simplify	From the French simplifier, equivalent to simple + -ify.	verb. To make simpler, either by reducing in complexity, reducing to component parts, or making easier to understand.
simulate	First attested in 1652; Borrowed from Latin simulātus, perfect passive participle of simulō (“make like, imitate, copy, represent, feign”) (see -ate (verb-forming suffix)), from similis (“like”). See similar.	verb. To model, replicate, duplicate the behavior, appearance or properties of.
singular	From Middle English singuler, from Old French, from Latin singulāris (“alone of its kind”), from Latin singulus (“single”).	adjective. Being only one of a larger population; single, individual.
sinister	From Middle English sinistre (“unlucky”), from Old French senestre, sinistre (“left”), from Latin sinister (“left hand”).	adjective. Inauspicious, ominous, unlucky, illegitimate.
skeleton	Click on labels in the image From New Latin sceleton, from Ancient Greek σκελετόν (skeletón), the neuter of σκελετός (skeletós, “dried up, withered, dried body, parched, mummy”), from σκέλλω (skéllō, “dry, dry up, make dry, parch”), from Proto-Indo-European *(s)kelh₁- (“to parch, wither”); compare Ancient Greek σκληρός (sklērós, “hard”).	noun. The system that provides support to an organism, where in vertebrates it is internal and consists of bones and cartilage, and external in some other animals.
sleeping	Pseudo-anglicism, derived from sleeping car.	verb. present participle and gerund of sleep
slighter	From slight + -er.	adjective. comparative form of slight: more slight
slightly	From slight + -ly.	adverb. Slenderly; delicately.
slippery	From Middle English slipperie, an extended form (+ -y) of Middle English slipper, sliper (“slippery”), from Old English slipor (“slippery”), from Proto-Germanic *slipraz (“smooth, slippery”), equivalent to slip + -er. Compare also Middle English slibbri, slubbri (“slippery”) borrowed from Middle Dutch or Middle Low German slibberich (“slippery”). Cognate with German schlüpfrig (“slippery”), Danish slibrig (“slippery”), Swedish slipprig (“slippery”).	adjective. Of a surface, having low friction, often due to being covered in a non- viscous liquid, and therefore hard to grip, hard to stand on without falling, etc.
smallish	From Middle English smalish, equivalent to small + -ish.	adjective. Somewhat small.
smashing	From smash + -ing. As a synonym for wonderful, the term first appeared in the United States in the early twentieth century, and possibly derives from the sense of smash used in smash hit and similar terms. Popular folk etymology connects the term to the broadly homophonous Irish is maith sin or Scottish Gaelic 's math sin ("that is good"), but this has been described as "improbable", and does not appear in the etymological dictionaries.	adjective. Serving to smash (something).
smoothly	From Middle English smoþely; equivalent to smooth + -ly.	adverb. in a smooth manner; smooth
snobbery	From snob + -ery – doubled ‘b’ to clarify pronunciation of ‘o’.	noun. The property or trait of being a snob.
socially	From social + -ly.	adverb. In a social manner; sociably.
software	Computing sense from soft + -ware, by contrast with hardware (“the computer itself”). Coined by John Tukey in 1958. The earlier sense of software to mean tangible products with a soft texture may have fallen out of common usage before the computing sense was created.	noun. Encoded computer instructions, usually modifiable (unless stored in some form of unalterable memory such as ROM).
solution	From Middle English solucioun, from Old French solucion (French solution), from Latin solūtiōnem, accusative singular of solūtiō, from the verb solvō. Compare solve, -tion.	noun. A homogeneous mixture, which may be liquid, gas or solid, formed by dissolving one or more substances.
somebody	From Middle English sum body, equivalent to some + body.	pronoun. Some unspecified person.
sometime	From Middle English somtyme, som time, some tyme, sume time, sumtym, sumtyme, equivalent to some + time.	adverb. At an indefinite but stated time in the past or future.
somewhat	From some + what.	adverb. To a limited extent or degree; not completely.
sounding	From sound (“produce a sound”) + -ing.	noun. The action of the verb to sound.
southern	From Middle English southerne, sothern, sutherne, from Old English sūþerne (“southern, southerly, coming from the south; of southern make”), from Proto-Germanic *sunþrōnijaz (“southern”), from Proto-Indo-European *sh₂un-, *sh₂wen-, r/n-stem alternation of *sóh₂wl̥ (“sun”). Cognate with Scots southron, sudron (“southern”), Old Frisian sūthern, sūdern (“southern”), Middle Low German sūdern (“southern”), Middle High German sundern (“southern”), Icelandic suðrænn (“southern, tropical”). By surface analysis, south + -ern.	adjective. Of, facing, situated in, or related to the south.
speaking	From Middle English spekinge, spekynge, spekinde, spekende, spekande, spekand, from Old English specende, sprecende (“speaking”), from Proto-Germanic *sprekandz (“speaking”), present participle of Proto-Germanic *sprekaną (“to speak”). Equivalent to speak + -ing. Cognate with Scots speikand, speikin (“speaking”), Saterland Frisian spreekend (“speaking”), West Frisian sprekkend (“speaking”), Dutch sprekend (“speaking”), German Low German sprekend (“speaking”), German sprechend (“speaking”).	adjective. Used in speaking.
specific	From Old French specifique, from Late Latin specificus (“specific, particular”), from Latin speciēs (“kind”) + -ific.	adjective. Explicit or definite.
specimen	From Latin specimen (“mark, sign, example”), from speciō (“observe, watch”).	noun. An individual instance that represents a class; an example.
spectrum	From Latin spectrum (“appearance, image, apparition”), from speciō (“look at, view”). Doublet of specter. See also scope.	noun. A range; a continuous, infinite, one-dimensional set, possibly bounded by extremes.
speeding	From speed + -ing.	verb. present participle and gerund of speed
spelling	1400s, from spell (verb) + -ing.	verb. present participle and gerund of spell
spending	From Middle English spendyng, spendynge, from Old English spendung (“spending”), equivalent to spend + -ing. Cognate with German Spendung (“contribution, donation”).	noun. gerund of spend, expenditure.
splendid	From Latin splendidus, from splendere (“to shine”) + -idus (“adjective forming suffix”).	adjective. Possessing or displaying splendor; shining; very bright.
spurious	Borrowed from Late Latin spurius (“illegitimate, bastardly”), possibly related to sperno or from Etruscan.	adjective. False, not authentic, not genuine.
standard	From Middle English standard, from Old French estandart (“gathering place, battle flag”), from Frankish *standahard (literally “stand firm, stand hard”), equivalent to stand + -ard. An alternative etymology derives the second element from Frankish *oʀd (“point, spot, place”) (compare Old French ordé (“pointed”), Old English ord (“point, source, vanguard”), German Standort (“location, place, site, position, base”, literally “standing-point”)). Merged with Middle English standar, stander, standere (“flag, banner”, literally “stander”), equivalent to stand + -er. More at stand, hard, ord. As a hill-naming term possibly a calque from Cumbric; equivalent to Welsh lluman (“standard”), arising with confusion with the hill-naming element llumon (“chimney”).	adjective. Falling within an accepted range of size, amount, power, quality, etc.
standing	From Middle English standynge, stondynge, standende, stondinde, standande, stondande, from Old English standende, stondende, from Proto-Germanic *standandz (“standing”), present participle of Proto-Germanic *standaną (“to stand”), equivalent to stand + -ing.	verb. present participle and gerund of stand
steadily	From steady + -ly.	adverb. In a steady manner; with a steady progression.
stepping	From Middle English steppynge; equivalent to step + -ing.	verb. present participle and gerund of step
sterling	From Middle English sterling, possibly from Old English *steorling, from steorra (“star”) and -ling, in reference to the stars that appeared on certain English pennies. Alternatively, the first element may be *stēre, meaning “strong” or “stout” (compare the etymology of solidus).	noun. An English silver penny first introduced by the Normans.
stirring	By surface analysis, stir + -ing.	adjective. invigorating or inspiring
straight	From Middle English streight, streght, streiȝt, the past participle of strecchen (“to stretch”), from Old English streċċan (past participle ġestreaht, ġestreht), from Proto-West Germanic *strakkjan (“to stretch”). Cognate with Scots straicht (“straight”), Dutch gestrekt (“stretched”), German gestreckt (“stretched”), Danish strakt (“stretched”), Faroese and Norn strekti (“stretched”), Icelandic strekkti (“stretched”), Norwegian strekte (“stretched”), Swedish sträckte (“stretched”). Doublet of straught. Equivalent to stretch + -ed. In some senses, conflated with strait (“narrow, constricted”), which is from Latin strictus via Old French estreit.	adjective. Not crooked, curly, or bent; having a constant direction throughout its length.
stranger	See the etymology of the corresponding lemma form.	adjective. comparative form of strange: more strange
strategy	Derived from Latin stratēgia, from Ancient Greek στρατηγία (stratēgía, “office of general, command, generalship”), from στρατηγός (stratēgós, “the leader or commander of an army, a general”), from στρατός (stratós, “army”) + ἄγω (ágō, “to lead, conduct”).	noun. The science and art of military command as applied to the overall planning and conduct of warfare.
strength	From Middle English strengthe, from Old English strengþu (“strength”), from Proto-West Germanic *strangiþu (“strongness; strength”), equivalent to strong + -th (abstract nominal suffix). Cognate with Dutch strengte (“strength”), German Low German Strengde, Strengte (“harshness; rigidity; strictness; severity”).	noun. The quality or degree of being strong.
strictly	From strict + -ly.	adverb. In a strict manner.
stronger	From Middle English strongere, strengere (“stronger”), from Old English strongra, strengra (“stronger”), from Proto-Germanic *strangizô (“*stronger”), comparative of Proto-Germanic *strangaz (“strong”), equivalent to strong + -er. More at strong.	adjective. comparative form of strong: more strong
strongly	From Middle English strongliche, strangliche, from Old English stranglīċe (“strongly”), equivalent to strong + -ly.	adverb. In a strong or powerful manner.
struggle	From Middle English struglen, stroglen, strogelen, of obscure origin; perhaps from a variant of *strokelen, *stroukelen (> English stroll), from Middle Dutch struyckelen ("to stumble, trip, falter"; > Modern Dutch struikelen), the frequentative form of Old Dutch *strūkon (“to stumble”), from Proto-Germanic *strūkōną, *strūkēną (“to be stiff”), from Proto-Indo-European *strug-, *ster- (“to be stiff; to bristle, strut, stumble, fall”), Cognate with Scots strugil (“to struggle, grapple, contend”). Also related to Middle Low German strûkelen ("to stumble"; > Low German strükeln), Old High German strūhhēn, strūhhōn ("to stumble, trip, tumble, go astray"; > German strauchen, straucheln). Alternative etymology derives the base of struggle from Old Norse strúgr (“arrogance, pride, spitefulness, ill-will”) + -le (frequentative suffix), from Proto-Germanic *strūkaz (“stiff, rigid”), ultimately from the same Proto-Indo-European root above, which would make it cognate with dialectal Swedish strug (“contention, strife, discord”), Norwegian stru (“obstinate, unruly”), Danish struende (“reluctantly”), Scots strug (“difficulty, perplexity, a laborious task”).	noun. A contortion of the body in an attempt to escape or to perform a difficult task.
stuffing	By surface analysis, stuff + -ing.	verb. present participle and gerund of stuff
stunning	From Middle English stunnyng, stunnynge, stounyng, equivalent to stun + -ing.	adjective. Having an effect that stuns.
subjects	See subject (noun).	noun. plural of subject
subtlety	From Middle English sotilte, from Old French sutilté, inherited from Latin subtīlitās, from subtīlis (“subtle”). Equivalent to subtle + -ty. Doublet of subtility.	noun. The quality of being subtle. The quality of being scarcely noticeable or difficult to discern.
suddenly	Inherited from Middle English sodenly, sodeynly, sodeinliche, sodaynlyche; equivalent to sudden + -ly.	adverb. Happening quickly and with little or no warning; in a sudden manner.
sufferer	From suffer + -er.	noun. One who suffers; one who is afflicted.
suicidal	From suicide + -al.	adjective. Pertaining to suicide.
suitable	From suit + -able.	adjective. Having sufficient or the required properties for a certain purpose or task; appropriate to a certain occasion.
suitably	From suitable + -ly.	adverb. In a suitable manner; with propriety.
sunlight	From Middle English sonnelight, sunneliht, from Old English sunnan lēoht (“sunlight”), equivalent to sun + light. Cognate with Dutch zonlicht (“sunlight”), German Low German Sünnenlücht (“sunlight”), German Sonnenlicht (“sunlight”).	noun. All the electromagnetic radiation given off by the Sun; especially, that in the visible spectrum and that bathes the Earth.
sunshine	In the Coverdale Bible in 1535, in Genesis and Exodus about 1250 as Middle English sunnesine; synchronically sun + shine. Compare isolated Old English sunsċīn (“mirror”).	noun. The direct rays, light or warmth of the sun.
superior	From Middle English, borrowed from Old French superiour, from Latin superior (“higher, upper”).	adjective. Higher in rank, status, or quality.
supplier	From supply + -er.	noun. One who supplies; a provider.
suppress	From Latin suppressus, perfect passive participle of supprimō (“press down or under”), from sub (“under”) + premō (“press”).	verb. To put an end to, especially with force, to crush, do away with; to prohibit, subdue.
surprise	From Middle English surprise, borrowed from Middle French surprise (“an overtake”), nominal use of the past participle of Old French sorprendre (“to overtake”), from sor- (“over”) + prendre (“to take”), from Latin super- + Latin prendere, contracted from prehendere (“to grasp, seize”). Doublet of suppli.	noun. Something unexpected.
surround	From Middle English sourrounden (“to submerge, overflow”), from Middle French souronder, suronder, from Late Latin superundō, from super + undō (“to rise in waves”), from unda (“wave”).	verb. To encircle something or simultaneously extend in all directions.
survival	From survive + -al.	noun. The fact or act of surviving; continued existence or life.
swearing	From Middle English swerynge; equivalent to swear + -ing.	verb. present participle and gerund of swear
sweating	From Middle English sweting, swetynge, equivalent to sweat + -ing (gerund ending).	noun. The production and evaporation of a watery fluid called sweat that is excreted by the sweat glands in the skin of mammals.
sweeping	By surface analysis, sweep + -ing.	verb. present participle and gerund of sweep
swimming	From Middle English swymmynge. Equivalent to swim (“to move through water”, verb) + -ing (suffix forming gerunds).	noun. The act or art of sustaining and propelling the body in water.
symbolic	From French symbolique or directly from Latin symbolicus, from Ancient Greek συμβολικός (sumbolikós, “of or belonging to a symbol”), equivalent to symbol + -ic.	adjective. Pertaining to a symbol.
symmetry	From Latin symmetria, from Ancient Greek συμμετρία (summetría), from σύμμετρος (súmmetros, “symmetrical”), from σύν (sún, “with”) + μέτρον (métron, “measure”). By surface analysis, sym- + -metry.	noun. Exact correspondence on either side of a dividing line, plane, center or axis.
sympathy	Borrowed from Middle French sympathie, from Late Latin sympathīa (“feeling in common”), from Ancient Greek σῠμπᾰ́θειᾰ (sŭmpắtheiă, “fellow feeling”), from σῠμπᾰθής (sŭmpăthḗs, “affected by like feelings; exerting mutual influence, interacting”) + -ῐᾰ (-ĭă, “-y”, nominal suffix). Equivalent to sym- (“acting or considered together”) + -pathy (“feeling”).	noun. A feeling of pity or sorrow for the suffering or distress of another.
symphony	From Middle English symphonye, from Old French simphonie, from Latin symphonia, from Ancient Greek συμφωνία (sumphōnía). By surface analysis, sym- + -phony. Doublet of sinfonia, symphonia, tsampouna, and zampogna.	noun. An extended piece of music of sophisticated structure, usually for orchestra.
syndrome	Learned borrowing from New Latin syndrome, from Ancient Greek συνδρομή (sundromḗ, “concurrence of symptoms, concourse”), from σύνδρομος (súndromos, “running together”), from συν- (sun-, “with”) + δρόμος (drómos, “running, course”).	noun. A recognizable pattern of signs, symptoms and/or behaviours, especially of a disease or medical or psychological condition.
tactical	From tactic + -al.	adjective. Of or relating to tactics.
tactless	From tact + -less.	adjective. having no tact; unaware or intentionally inconsiderate of someone else's feelings
talented	From talent + -ed.	adjective. Endowed with one or more talents.
taxation	From Middle English taxacioun, from Anglo-Norman taxacion, from Latin taxātio (“rating, appraisal”). By surface analysis, tax + -ation.	noun. The act of imposing taxes and the fact of being taxed.
taxpayer	From tax + payer.	noun. A person who is subject to, liable for, or pays tax.
teaching	From Middle English teching, techinge, from Old English tǣċing, tǣċung (“instruction, direction, teaching”), equivalent to teach + -ing.	noun. Something taught by a religious or philosophical authority.
teenager	From teenage + -er.	noun. A person between thirteen and nineteen years old (inclusive).
tendency	From Medieval Latin tendentia, from tendens, present participle of tendō.	noun. A likelihood of behaving in a particular way or going in a particular direction; a tending toward.
terminal	Borrowed from Late Latin terminalis (“pertaining to a boundary or to the end, terminal, final”), from Latin terminus (“a bound, boundary, limit, end”). See term, terminus.	noun. A building in an airport where passengers transfer from ground transportation to the facilities that allow them to board airplanes.
terrible	Inherited from Middle English terrible, from Old French terrible, from Latin terribilis (“frightful”), from terreō (“to frighten, terrify, alarm; to deter by terror, scare (away)”). Compare terror, deter. By surface analysis, terror + -ible. Displaced Old English atol and sliþe, while also largely overtaking grimm.	adjective. Dreadful; causing terror, alarm and fear; awesome
terribly	Inherited from Middle English terribli. By surface analysis, terrible + -ly.	adverb. So as to cause terror or awe.
textbook	From text + book.	noun. A coursebook, a formal manual of instruction in a specific subject, especially one for use in schools or colleges.
thankful	From Middle English thankful, from Old English þancful, þancfull (“thoughtful, pleasing, agreeable, pleasant, thankful, grateful”), equivalent to thank + -ful. Compare Old High German undankfol (“unthankful, ungrateful”).	adjective. Showing appreciation or gratitude.
theology	From Middle English theologie, from Middle French theologie, from Old French theologie, from Latin theologia, from Koine Greek θεολογία (theología), from θεολόγος (theológos, adjective), from θεός (theós) + λόγος (lógos). By surface analysis, theo- + -logy.	noun. The study of God, a god, or gods; and of the truthfulness of religion in general.
thinking	From Middle English thinking, thynkynge, thenkyng, equivalent to think + -ing.	noun. The action or process of using one's mind to consider or reason about something.
thorough	From Middle English thoruȝ, þoruȝ, from Old English þuruh, a byform of Old English þurh, whence comes English through. The adjective derives from the preposition and adverb. The word developed a syllabic form in cases where the word was fully stressed: when it was used as an adverb, adjective, or noun, and less commonly when used as a preposition.	adjective. Painstaking and careful not to miss or omit any detail.
thousand	Borrowed from English thousand.	noun. NATO, ICAO, ITU & IMO radiotelephony clear code (spelling-alphabet name) for thousand.
threaten	From Middle English thretenen, from Old English þrēatnian (“to urge, force, compel”), equivalent to threat + -en.	verb. To make a threat against someone; to use threats.
tiresome	From tire + -some.	adjective. Causing fatigue or boredom; wearisome.
together	From Late Middle English together, from earlier togedere, togadere, from Old English tōgædere (“together”), from Proto-West Germanic *tōgadura, *tegadura, from Proto-Germanic *tō (“to”) + *gadar (“together”), from Proto-Indo-European *gʰedʰ- (“to unite, keep”), equivalent to to- 2 + gather. Cognate with Scots thegither (“together”), Old Frisian togadera (whence West Frisian togearre (“together”)), Dutch tegader (“together”), Middle Low German tōgāder (“together”), Middle High German zegater (“together”). Compare also Old English ætgædere (“together”), Old English ġeador (“together”). More at gather.	adverb. At the same time, in the same place; in close association or proximity.
tolerant	Either borrowed from French tolérant or directly from its source Latin tolerans, present participle of, and participial adjective from tolerō (“to endure”).	adjective. Tending to permit, allow, understand, or accept something.
tolerate	Borrowed from Latin tolerātus, the perfect passive participle of tolerō (“to endure”), see -ate (verb-forming suffix). Cognate with Old English þolian (“to tolerate, suffer, bear”) and French tolérer. More at thole.	verb. To allow or permit without explicit approval, usually if it is perceived as negative.
tomorrow	From Middle English tomorwe, tomorwen, from Old English tō morgne (“tomorrow”, adverb), from tō (“at, on”) + morgne (dative of morgen (“morning”)), from Proto-Germanic *murganaz (“morning”), perhaps from Proto-Indo-European *mergʰ- (“to blink, to twinkle”), equivalent to to- + morrow. Compare French demain, Dutch morgen, German morgen, Swedish imorgon or Danish i morgen.	adverb. On the day after the present day.
touching	From Middle English touchynge, equivalent to touch + -ing.	verb. present participle and gerund of touch
transfer	From Latin trānsferō (“to bear across”). Distant doublet of translate. See also collate and confer, delate and defer, as well as prelate and prefer among others.	verb. To move or pass from one place, person or thing to another.
transmit	From Middle English transmitten, borrowed from Latin trānsmittō (“transmit”, verb, literally “across-send”).	verb. To send or convey from one person, place or thing to another.
trapping	From trap.	verb. present participle and gerund of trap
treasure	Inherited from Middle English tresour, from Old French tresor (“treasury”), from Latin thēsaurus (“treasure”), from Ancient Greek θησαυρός (thēsaurós, “treasure house”). Mostly displaced native Old English goldhord (See goldhoard) and Old English ġestrēon. Doublet of thesaurus.	noun. A collection of valuable things; accumulated wealth; a stock of money, jewels, etc.
triangle	From Middle English triangle, from Old French triangle, from Latin triangulum, noun use of adjective triangulus (“three-cornered, having three angles”), from trēs (“three”) + angulus (“corner, angle”), equivalent to tri- + -angle.	noun. A polygon with three sides and three angles.
trousers	Attested since the 1610s, from the earlier form trouzes (attested since the 1580s), extended from trouse (1570s), with plural ending typical of things in pairs, from Middle Irish triubus (“close-fitting shorts”), from Old Irish tribus, of uncertain origin. The unexplained intrusive second -r- is perhaps due to the influence of drawers. Doublet of trews (“trousers”). Old Irish tribus is probably a borrowing of Anglo-Norman tribuz, trebuz, from Old French trebus, from Old Occitan trebucs, trabucs, from Late Latin trabrugi, tribuces, tubruci (“leg-coverings”), from an early Germanic language, perhaps Gothic *𐌸𐌹𐌿𐌷𐌱𐍂𐍉𐌺𐍃 (*þiuhbrōks) or Old High German diohbruoh (“loincloth, trousers”), ultimately from Proto-Germanic *þeuhabrōks (“loincloth, trousers”), a compound of Proto-Germanic *þeuhą (“thigh”) + *brōks (“leggings, trousers”), equivalent to thigh + breeches. Compare obsolete Modern German Diechbruch (“short legwear, knee breeches, loincloth”).	noun. An article of clothing that covers the part of the body between the waist and the ankles or knees, and is divided into a separate part for each leg.
truncate	From Latin truncātus, perfect passive participle of truncō (“maim, reduce to a trunk”); see trunk as a verb.	verb. To shorten (something) by, or as if by, cutting part of it off.
trusting	From Middle English trustyng, trostinge, tristynge, equivalent to trust + -ing.	verb. present participle and gerund of trust
tutorial	The adjective is from tutor (noun) + -ial, ultimately from Latin tūtor (“watcher, protector, defender”). The noun is transferred from the adjective.	adjective. Of or pertaining to a tutor; belonging to, or exercised by, a tutor.
umbrella	Borrowed from Italian ombrella (“parasol, sunshade”), from Late Latin umbrella (influenced by umbra (“shadow, shade”)), from Latin umbella, from umbra + -la (diminutive suffix).	noun. A cloth-covered frame used for protection against rain or sun.
unbiased	From un- + biased.	adjective. Not biased.
uncommon	From un- + common.	adjective. Rare; not readily found; unusual. (clarification of this definition is needed (uncommon > rare > very uncommon))
underlay	From Middle English underleyen, from Old English underleċġan (“to underlay, prop, support”), equivalent to under- + lay. Cognate with Dutch onderleggen (“to lay or put under”), German unterlegen (“to underlay”), Swedish underlägga (“to underlay”).	verb. simple past of underlie
underlie	From Middle English underlien, underliggen, from Old English underliċġan (“to underlie, to be subject to, give way to”), equivalent to under- + lie. Cognate with Dutch onderliggen (“to lie below, lie on the bottom of”), German unterliegen (“to lie under, be subject to, succumb”).	verb. To lie in a position directly beneath something. (Can we add an example for this sense?)
uniquely	From unique + -ly.	adverb. In a unique manner.
universe	From Middle English universe, from Old French univers, from Latin universum (“all things, as a whole, the universe”), neuter of universus (“all together, whole, entire, collective, general, literally turned or combined into one”), from uni-, combining form of unus (“one”) + versus (“turned”), perfect passive participle of vertō (“to turn”). Analyzable as uni- + -verse through backformation of -verse.	noun. The sum of everything that exists in the cosmos.
unlikely	From Middle English unlykely, unlikly, unlykly, unlicli. By surface analysis, un- + likely.	adjective. Not likely; improbable; not to be reasonably expected.
unstable	From Middle English unstable; equivalent to un- (not) + stable.	adjective. Not stable.
unusable	From un- + usable.	adjective. Not usable.
unwanted	From un- + wanted.	adjective. Not wanted; unwelcome.
upstairs	From up- + stair + -s.	adjective. Located on a higher floor or level of a building.
urgently	From urgent + -ly.	adverb. With great haste, with a sense of urgency, because it is very important.
usefully	From useful + -ly.	adverb. In a useful manner; in a way that achieves something
vacation	Inherited from Middle English vacation, vacacion, vacacioun, from Anglo-Norman vacacioun, from Old French vacacion, vacation, from Latin vacātiō. Equivalent to vacate + -ion.	noun. An extended trip or journey away from home for rest or pleasure.
validity	From valid + -ity, borrowed from Middle French validité, from Late Latin validitas.	noun. The state of being valid, authentic or genuine.
valuable	From value + -able.	adjective. Having a great value.
variable	Borrowed into Middle English in the 14th century from Old French variable, from Latin variare (“to change”), from varius (“different, various”). Equates to English vary + -able.	adjective. Able to vary or be varied.
variance	From Middle English variance, variaunce, equivalent to vary + -ance, from Old French variance or directly from Anglo- Latin variaunce, veriaunce, wariaunce; all from Latin variantia.	noun. The act of varying or the state of being variable.
velocity	From Middle French vélocité, from Latin vēlōcitās (“speed”), from vēlōx (“fast”), thus a doublet of veloce.	noun. A vector quantity that denotes the rate of change of position with respect to time, combining speed with a directional component.
verbally	From verbal + -ly.	adverb. In a verbal manner; with words; by speaking.
verbatim	Attested in English since 1481 (therefore considered a Middle English derivation by some): from Medieval Latin verbātim (“word for word”), from Latin verbum (“word”) + -ātim (adverbial suffix).	adverb. Word for word; in exactly the same words as were used originally.
vertical	Borrowed from Middle French vertical, from Late Latin verticālis.	adjective. Standing, pointing, or moving straight up or down; parallel to the local direction of gravity; along the direction of a plumb line; perpendicular to something horizontal.
vicinity	From vicine + -ity, from Latin vīcīnitās (“neighborhood”) (compare French vicinité), from vīcīnus (“neighbor”) (compare French voisin), from vīcus (“village”).	noun. Proximity; the state of being near.
visually	From visual + -ly.	adverb. By means of sight.
warranty	From Middle English warantye, warantie, from Anglo-Norman warrantie, an Old Northern French variant of Old French guarantie (Modern French garantie). Doublet of guarantee and guaranty. More at warrant.	noun. A guarantee that a certain outcome or obligation will be fulfilled; security.
wasteful	From Middle English wastful; equivalent to waste + -ful.	adjective. Inclined to waste or squander money or resources.
weakness	From Middle English wayknesse, weykenesse, replacing earlier Middle English wocnesse, wakenes, wacnesse (“weakness”), from Old English wācnes (“weakness”). Equivalent to weak + -ness.	noun. The condition of being weak.
whatever	From Middle English whatever. By surface analysis, what + ever.	noun. A thing or person whose actual name is unknown or forgotten.
whenever	From Middle English whan evere, whanne ever, whanne evere, whener, when ever; equivalent to when + ever.	conjunction. At any time that.
wherever	From where + ever.	adverb. Where ever; an emphatic form of where.
withdraw	From Middle English withdrawen, withdrauen (“to depart, leave, move away; (reflexive) to go away; (reflexive) to leave someone’s service; (often reflexive) to draw back or retreat (from a battlefield or dangerous place), withdraw; to abandon, desert; to go, go forth; to move; of the sea, water, etc.: to (cause to) ebb, recede, subside; to disappear; to slacken, wane; (often reflexive) to cease, stop; to desist, refrain; (reflexive) to go back on, recant; to avoid, eschew; to bring under control, contain, suppress; to curb, curtail; to delay, put off; to demur, refuse; to carry or take away, deprive of, remove; to contract, draw away or in, retract; to deny, refuse; to revoke; to withhold; to divert; to separate; to adopt, borrow, imitate”) [and other forms], from with- (prefix meaning ‘away; back’) + drawen, drauen (“to drag, pull, tow, tug, draw [and other senses]”) (ultimately from Proto-Indo-European *dʰregʰ- (“to drag, pull; to run”)); see further at with- and draw. The English word is analysable as with- + draw.	verb. To draw or pull (something) away or back from its original position or situation. To remove (someone or oneself) from a position or situation; specifically, to remove (soldiers) from a battle or position where they are stationed. To draw or pull (a bolt, curtain, veil, or other object) aside. To take away or take back (something previously given or permitted); to remove, to retract. To cause or help (someone) to stop taking an addictive drug or substance; to dry out. To take (one's eyes) off something; to look away. To disregard (something) as belonging to a certain group. To remove (a topic) from discussion or inquiry. To stop (a course of action, proceedings, etc.) To take back (a comment, something written, etc.); to recant, to retract.
wondrous	From Middle English wondrous, alteration after the suffix -ous of Middle English wonders (“wondrous, wonderful”, adjective), from Old English wundres (“of wonder”), genitive singular of wundor (“wonder, miracle”), from Proto-Germanic *wundrą (“wonder”). Compare Dutch wonder, German Wunder.	adjective. Wonderful; amazing, inspiring awe; marvelous.
workable	From work + -able.	adjective. Capable of functioning.
workload	From work + load.	noun. The amount of work assigned to a particular worker, normally in a specified time period.
workshop	From work + shop.	noun. A room, especially one which is not particularly large, used for manufacturing or other light industrial work.
worrying	From worry + -ing.	adjective. Inducing worry.
wrapping	From Middle English wrappinge, wrappynge, equivalent to wrap + -ing.	noun. The material in which something is wrapped.
wretched	From Middle English wrecched (“(adjective) characterized by or suffering hardship or misfortune, miserable, unfortunate, unhappy; indigent, poor; of low economic or social status, lowly; (noun) miserable person”) [and other forms], from wrecche (“characterized by or suffering hardship or misfortune, miserable, unfortunate, unhappy; indigent, poor; of low economic or social status, lowly; base, contemptible, vile; reprehensible, wicked; miserly, stingy; of little importance, paltry, worthless”) (from Late Old English wrecc, from Old English wreċċa (“an exile, outcast”), ultimately from Proto-Indo-European *wreg- (“to follow, track; to hunt”)) + -ed (suffix forming adjectives). The English word is analysable as wretch (“(obsolete) wretched”, adjective) + -ed (suffix forming adjectives).	adjective. Characterized by or feeling deep affliction or distress; very miserable.
yourself	From Middle English yourself, equivalent to your + -self.	pronoun. Your own self (singular).
